incident_id,incident_type,severity,confidence,first_frame,last_frame,Latitude,Longitude,Road_Segment,Location,Location_Source,Timestamp,Bus_ID,Action_Required,Status,Cluster_ID,Priority_Score
INC-POT-001,POTHOLE / ROAD DEFECT,CRITICAL,0.9,9,9,26.758762,83.36973,Gorakhpur Railway Station -> Golghar Commercial Center,"26.758762, 83.369730 (Gorakhpur Railway Station -> Golghar Commercial Center)",BUS_OBU_SYNCHRONIZED_GPS,2026-09-14 09:20:42,UPSRTC-UP53-8821,Immediate Asphalt Cold-Mix Patching (PWD),DISPATCHED,CLUST-001,98
INC-POT-002,POTHOLE / ROAD DEFECT,CRITICAL,0.87,9,9,26.758762,83.36973,Gorakhpur Railway Station -> Golghar Commercial Center,"26.758762, 83.369730 (Gorakhpur Railway Station -> Golghar Commercial Center)",BUS_OBU_SYNCHRONIZED_GPS,2026-09-14 09:20:42,UPSRTC-UP53-8821,Immediate Asphalt Cold-Mix Patching (PWD),DISPATCHED,CLUST-001,98
INC-POT-003,POTHOLE / ROAD DEFECT,CRITICAL,0.74,9,9,26.758762,83.36973,Gorakhpur Railway Station -> Golghar Commercial Center,"26.758762, 83.369730 (Gorakhpur Railway Station -> Golghar Commercial Center)",BUS_OBU_SYNCHRONIZED_GPS,2026-09-14 09:20:42,UPSRTC-UP53-8821,Immediate Asphalt Cold-Mix Patching (PWD),DISPATCHED,CLUST-001,98
INC-POT-004,POTHOLE / ROAD DEFECT,CRITICAL,0.74,9,9,26.758762,83.36973,Gorakhpur Railway Station -> Golghar Commercial Center,"26.758762, 83.369730 (Gorakhpur Railway Station -> Golghar Commercial Center)",BUS_OBU_SYNCHRONIZED_GPS,2026-09-14 09:20:42,UPSRTC-UP53-8821,Immediate Asphalt Cold-Mix Patching (PWD),DISPATCHED,CLUST-001,98
INC-POT-005,POTHOLE / ROAD DEFECT,CRITICAL,0.83,18,18,26.758649,83.369817,Gorakhpur Railway Station -> Golghar Commercial Center,"26.758649, 83.369817 (Gorakhpur Railway Station -> Golghar Commercial Center)",BUS_OBU_SYNCHRONIZED_GPS,2026-09-14 09:20:43,UPSRTC-UP53-8821,Immediate Asphalt Cold-Mix Patching (PWD),DISPATCHED,CLUST-001,98
INC-POT-006,POTHOLE / ROAD DEFECT,CRITICAL,0.75,18,18,26.758649,83.369817,Gorakhpur Railway Station -> Golghar Commercial Center,"26.758649, 83.369817 (Gorakhpur Railway Station -> Golghar Commercial Center)",BUS_OBU_SYNCHRONIZED_GPS,2026-09-14 09:20:43,UPSRTC-UP53-8821,Immediate Asphalt Cold-Mix Patching (PWD),DISPATCHED,CLUST-001,98
INC-POT-007,POTHOLE / ROAD DEFECT,CRITICAL,0.74,18,18,26.758649,83.369817,Gorakhpur Railway Station -> Golghar Commercial Center,"26.758649, 83.369817 (Gorakhpur Railway Station -> Golghar Commercial Center)",BUS_OBU_SYNCHRONIZED_GPS,2026-09-14 09:20:43,UPSRTC-UP53-8821,Immediate Asphalt Cold-Mix Patching (PWD),DISPATCHED,CLUST-001,98
INC-POT-008,POTHOLE / ROAD DEFECT,CRITICAL,0.75,18,18,26.758649,83.369817,Gorakhpur Railway Station -> Golghar Commercial Center,"26.758649, 83.369817 (Gorakhpur Railway Station -> Golghar Commercial Center)",BUS_OBU_SYNCHRONIZED_GPS,2026-09-14 09:20:43,UPSRTC-UP53-8821,Immediate Asphalt Cold-Mix Patching (PWD),DISPATCHED,CLUST-001,98
INC-POT-009,POTHOLE / ROAD DEFECT,CRITICAL,0.78,27,27,26.758464,83.369962,Gorakhpur Railway Station -> Golghar Commercial Center,"26.758464, 83.369962 (Gorakhpur Railway Station -> Golghar Commercial Center)",BUS_OBU_SYNCHRONIZED_GPS,2026-09-14 09:20:44,UPSRTC-UP53-8821,Immediate Asphalt Cold-Mix Patching (PWD),DISPATCHED,CLUST-001,98
INC-POT-010,POTHOLE / ROAD DEFECT,CRITICAL,0.74,27,27,26.758464,83.369962,Gorakhpur Railway Station -> Golghar Commercial Center,"26.758464, 83.369962 (Gorakhpur Railway Station -> Golghar Commercial Center)",BUS_OBU_SYNCHRONIZED_GPS,2026-09-14 09:20:44,UPSRTC-UP53-8821,Immediate Asphalt Cold-Mix Patching (PWD),DISPATCHED,CLUST-001,98
INC-POT-011,POTHOLE / ROAD DEFECT,CRITICAL,0.81,36,36,26.758211,83.370159,Gorakhpur Railway Station -> Golghar Commercial Center,"26.758211, 83.370159 (Gorakhpur Railway Station -> Golghar Commercial Center)",BUS_OBU_SYNCHRONIZED_GPS,2026-09-14 09:20:44,UPSRTC-UP53-8821,Immediate Asphalt Cold-Mix Patching (PWD),DISPATCHED,CLUST-001,98
INC-POT-012,POTHOLE / ROAD DEFECT,CRITICAL,0.75,36,36,26.758211,83.370159,Gorakhpur Railway Station -> Golghar Commercial Center,"26.758211, 83.370159 (Gorakhpur Railway Station -> Golghar Commercial Center)",BUS_OBU_SYNCHRONIZED_GPS,2026-09-14 09:20:44,UPSRTC-UP53-8821,Immediate Asphalt Cold-Mix Patching (PWD),DISPATCHED,CLUST-001,98
INC-POT-013,POTHOLE / ROAD DEFECT,CRITICAL,0.75,36,36,26.758211,83.370159,Gorakhpur Railway Station -> Golghar Commercial Center,"26.758211, 83.370159 (Gorakhpur Railway Station -> Golghar Commercial Center)",BUS_OBU_SYNCHRONIZED_GPS,2026-09-14 09:20:44,UPSRTC-UP53-8821,Immediate Asphalt Cold-Mix Patching (PWD),DISPATCHED,CLUST-001,98
INC-POT-014,POTHOLE / ROAD DEFECT,CRITICAL,0.75,36,36,26.758211,83.370159,Gorakhpur Railway Station -> Golghar Commercial Center,"26.758211, 83.370159 (Gorakhpur Railway Station -> Golghar Commercial Center)",BUS_OBU_SYNCHRONIZED_GPS,2026-09-14 09:20:44,UPSRTC-UP53-8821,Immediate Asphalt Cold-Mix Patching (PWD),DISPATCHED,CLUST-001,98
INC-POT-015,POTHOLE / ROAD DEFECT,CRITICAL,0.74,45,45,26.757895,83.370406,Gorakhpur Railway Station -> Golghar Commercial Center,"26.757895, 83.370406 (Gorakhpur Railway Station -> Golghar Commercial Center)",BUS_OBU_SYNCHRONIZED_GPS,2026-09-14 09:20:45,UPSRTC-UP53-8821,Immediate Asphalt Cold-Mix Patching (PWD),DISPATCHED,CLUST-002,98
INC-POT-016,POTHOLE / ROAD DEFECT,CRITICAL,0.74,45,45,26.757895,83.370406,Gorakhpur Railway Station -> Golghar Commercial Center,"26.757895, 83.370406 (Gorakhpur Railway Station -> Golghar Commercial Center)",BUS_OBU_SYNCHRONIZED_GPS,2026-09-14 09:20:45,UPSRTC-UP53-8821,Immediate Asphalt Cold-Mix Patching (PWD),DISPATCHED,CLUST-002,98
INC-POT-017,POTHOLE / ROAD DEFECT,CRITICAL,0.74,54,54,26.757523,83.370695,Gorakhpur Railway Station -> Golghar Commercial Center,"26.757523, 83.370695 (Gorakhpur Railway Station -> Golghar Commercial Center)",BUS_OBU_SYNCHRONIZED_GPS,2026-09-14 09:20:45,UPSRTC-UP53-8821,Immediate Asphalt Cold-Mix Patching (PWD),DISPATCHED,CLUST-002,98
INC-POT-018,POTHOLE / ROAD DEFECT,CRITICAL,0.75,54,54,26.757523,83.370695,Gorakhpur Railway Station -> Golghar Commercial Center,"26.757523, 83.370695 (Gorakhpur Railway Station -> Golghar Commercial Center)",BUS_OBU_SYNCHRONIZED_GPS,2026-09-14 09:20:45,UPSRTC-UP53-8821,Immediate Asphalt Cold-Mix Patching (PWD),DISPATCHED,CLUST-002,98
INC-POT-019,POTHOLE / ROAD DEFECT,CRITICAL,0.75,54,54,26.757523,83.370695,Gorakhpur Railway Station -> Golghar Commercial Center,"26.757523, 83.370695 (Gorakhpur Railway Station -> Golghar Commercial Center)",BUS_OBU_SYNCHRONIZED_GPS,2026-09-14 09:20:45,UPSRTC-UP53-8821,Immediate Asphalt Cold-Mix Patching (PWD),DISPATCHED,CLUST-002,98
INC-POT-020,POTHOLE / ROAD DEFECT,CRITICAL,0.74,54,54,26.757523,83.370695,Gorakhpur Railway Station -> Golghar Commercial Center,"26.757523, 83.370695 (Gorakhpur Railway Station -> Golghar Commercial Center)",BUS_OBU_SYNCHRONIZED_GPS,2026-09-14 09:20:45,UPSRTC-UP53-8821,Immediate Asphalt Cold-Mix Patching (PWD),DISPATCHED,CLUST-002,98
INC-POT-021,POTHOLE / ROAD DEFECT,CRITICAL,0.84,63,63,26.757104,83.371022,Gorakhpur Railway Station -> Golghar Commercial Center,"26.757104, 83.371022 (Gorakhpur Railway Station -> Golghar Commercial Center)",BUS_OBU_SYNCHRONIZED_GPS,2026-09-14 09:20:46,UPSRTC-UP53-8821,Immediate Asphalt Cold-Mix Patching (PWD),DISPATCHED,CLUST-003,98
INC-POT-022,POTHOLE / ROAD DEFECT,CRITICAL,0.76,63,63,26.757104,83.371022,Gorakhpur Railway Station -> Golghar Commercial Center,"26.757104, 83.371022 (Gorakhpur Railway Station -> Golghar Commercial Center)",BUS_OBU_SYNCHRONIZED_GPS,2026-09-14 09:20:46,UPSRTC-UP53-8821,Immediate Asphalt Cold-Mix Patching (PWD),DISPATCHED,CLUST-003,98
INC-POT-023,POTHOLE / ROAD DEFECT,CRITICAL,0.8,63,63,26.757104,83.371022,Gorakhpur Railway Station -> Golghar Commercial Center,"26.757104, 83.371022 (Gorakhpur Railway Station -> Golghar Commercial Center)",BUS_OBU_SYNCHRONIZED_GPS,2026-09-14 09:20:46,UPSRTC-UP53-8821,Immediate Asphalt Cold-Mix Patching (PWD),DISPATCHED,CLUST-003,98
INC-POT-024,POTHOLE / ROAD DEFECT,CRITICAL,0.74,63,63,26.757104,83.371022,Gorakhpur Railway Station -> Golghar Commercial Center,"26.757104, 83.371022 (Gorakhpur Railway Station -> Golghar Commercial Center)",BUS_OBU_SYNCHRONIZED_GPS,2026-09-14 09:20:46,UPSRTC-UP53-8821,Immediate Asphalt Cold-Mix Patching (PWD),DISPATCHED,CLUST-003,98
INC-POT-025,POTHOLE / ROAD DEFECT,CRITICAL,0.82,72,72,26.756647,83.371378,Gorakhpur Railway Station -> Golghar Commercial Center,"26.756647, 83.371378 (Gorakhpur Railway Station -> Golghar Commercial Center)",BUS_OBU_SYNCHRONIZED_GPS,2026-09-14 09:20:46,UPSRTC-UP53-8821,Immediate Asphalt Cold-Mix Patching (PWD),DISPATCHED,CLUST-003,98
INC-POT-026,POTHOLE / ROAD DEFECT,CRITICAL,0.79,72,72,26.756647,83.371378,Gorakhpur Railway Station -> Golghar Commercial Center,"26.756647, 83.371378 (Gorakhpur Railway Station -> Golghar Commercial Center)",BUS_OBU_SYNCHRONIZED_GPS,2026-09-14 09:20:46,UPSRTC-UP53-8821,Immediate Asphalt Cold-Mix Patching (PWD),DISPATCHED,CLUST-003,98
INC-POT-027,POTHOLE / ROAD DEFECT,CRITICAL,0.89,81,81,26.756162,83.371756,Gorakhpur Railway Station -> Golghar Commercial Center,"26.756162, 83.371756 (Gorakhpur Railway Station -> Golghar Commercial Center)",BUS_OBU_SYNCHRONIZED_GPS,2026-09-14 09:20:47,UPSRTC-UP53-8821,Immediate Asphalt Cold-Mix Patching (PWD),DISPATCHED,CLUST-004,98
INC-POT-028,POTHOLE / ROAD DEFECT,CRITICAL,0.86,81,81,26.756162,83.371756,Gorakhpur Railway Station -> Golghar Commercial Center,"26.756162, 83.371756 (Gorakhpur Railway Station -> Golghar Commercial Center)",BUS_OBU_SYNCHRONIZED_GPS,2026-09-14 09:20:47,UPSRTC-UP53-8821,Immediate Asphalt Cold-Mix Patching (PWD),DISPATCHED,CLUST-004,98
INC-POT-029,POTHOLE / ROAD DEFECT,CRITICAL,0.75,81,81,26.756162,83.371756,Gorakhpur Railway Station -> Golghar Commercial Center,"26.756162, 83.371756 (Gorakhpur Railway Station -> Golghar Commercial Center)",BUS_OBU_SYNCHRONIZED_GPS,2026-09-14 09:20:47,UPSRTC-UP53-8821,Immediate Asphalt Cold-Mix Patching (PWD),DISPATCHED,CLUST-004,98
INC-POT-030,POTHOLE / ROAD DEFECT,CRITICAL,0.75,81,81,26.756162,83.371756,Gorakhpur Railway Station -> Golghar Commercial Center,"26.756162, 83.371756 (Gorakhpur Railway Station -> Golghar Commercial Center)",BUS_OBU_SYNCHRONIZED_GPS,2026-09-14 09:20:47,UPSRTC-UP53-8821,Immediate Asphalt Cold-Mix Patching (PWD),DISPATCHED,CLUST-004,98
INC-POT-031,POTHOLE / ROAD DEFECT,CRITICAL,0.75,90,90,26.755661,83.372147,Gorakhpur Railway Station -> Golghar Commercial Center,"26.755661, 83.372147 (Gorakhpur Railway Station -> Golghar Commercial Center)",BUS_OBU_SYNCHRONIZED_GPS,2026-09-14 09:20:48,UPSRTC-UP53-8821,Immediate Asphalt Cold-Mix Patching (PWD),DISPATCHED,CLUST-004,98
INC-POT-032,POTHOLE / ROAD DEFECT,CRITICAL,0.77,99,99,26.755153,83.372542,Gorakhpur Railway Station -> Golghar Commercial Center,"26.755153, 83.372542 (Gorakhpur Railway Station -> Golghar Commercial Center)",BUS_OBU_SYNCHRONIZED_GPS,2026-09-14 09:20:48,UPSRTC-UP53-8821,Immediate Asphalt Cold-Mix Patching (PWD),DISPATCHED,CLUST-005,98
INC-POT-033,POTHOLE / ROAD DEFECT,CRITICAL,0.75,99,99,26.755153,83.372542,Gorakhpur Railway Station -> Golghar Commercial Center,"26.755153, 83.372542 (Gorakhpur Railway Station -> Golghar Commercial Center)",BUS_OBU_SYNCHRONIZED_GPS,2026-09-14 09:20:48,UPSRTC-UP53-8821,Immediate Asphalt Cold-Mix Patching (PWD),DISPATCHED,CLUST-005,98
INC-POT-034,POTHOLE / ROAD DEFECT,CRITICAL,0.75,99,99,26.755153,83.372542,Gorakhpur Railway Station -> Golghar Commercial Center,"26.755153, 83.372542 (Gorakhpur Railway Station -> Golghar Commercial Center)",BUS_OBU_SYNCHRONIZED_GPS,2026-09-14 09:20:48,UPSRTC-UP53-8821,Immediate Asphalt Cold-Mix Patching (PWD),DISPATCHED,CLUST-005,98
INC-POT-035,POTHOLE / ROAD DEFECT,CRITICAL,0.74,99,99,26.755153,83.372542,Gorakhpur Railway Station -> Golghar Commercial Center,"26.755153, 83.372542 (Gorakhpur Railway Station -> Golghar Commercial Center)",BUS_OBU_SYNCHRONIZED_GPS,2026-09-14 09:20:48,UPSRTC-UP53-8821,Immediate Asphalt Cold-Mix Patching (PWD),DISPATCHED,CLUST-005,98
INC-POT-036,POTHOLE / ROAD DEFECT,CRITICAL,0.74,108,108,26.754651,83.372934,Gorakhpur Railway Station -> Golghar Commercial Center,"26.754651, 83.372934 (Gorakhpur Railway Station -> Golghar Commercial Center)",BUS_OBU_SYNCHRONIZED_GPS,2026-09-14 09:20:49,UPSRTC-UP53-8821,Immediate Asphalt Cold-Mix Patching (PWD),DISPATCHED,CLUST-005,98
INC-POT-037,POTHOLE / ROAD DEFECT,CRITICAL,0.74,108,108,26.754651,83.372934,Gorakhpur Railway Station -> Golghar Commercial Center,"26.754651, 83.372934 (Gorakhpur Railway Station -> Golghar Commercial Center)",BUS_OBU_SYNCHRONIZED_GPS,2026-09-14 09:20:49,UPSRTC-UP53-8821,Immediate Asphalt Cold-Mix Patching (PWD),DISPATCHED,CLUST-005,98
INC-POT-038,POTHOLE / ROAD DEFECT,CRITICAL,0.78,117,117,26.754166,83.373312,Gorakhpur Railway Station -> Golghar Commercial Center,"26.754166, 83.373312 (Gorakhpur Railway Station -> Golghar Commercial Center)",BUS_OBU_SYNCHRONIZED_GPS,2026-09-14 09:20:49,UPSRTC-UP53-8821,Immediate Asphalt Cold-Mix Patching (PWD),DISPATCHED,CLUST-006,98
INC-POT-039,POTHOLE / ROAD DEFECT,CRITICAL,0.77,117,117,26.754166,83.373312,Gorakhpur Railway Station -> Golghar Commercial Center,"26.754166, 83.373312 (Gorakhpur Railway Station -> Golghar Commercial Center)",BUS_OBU_SYNCHRONIZED_GPS,2026-09-14 09:20:49,UPSRTC-UP53-8821,Immediate Asphalt Cold-Mix Patching (PWD),DISPATCHED,CLUST-006,98
INC-POT-040,POTHOLE / ROAD DEFECT,CRITICAL,0.77,117,117,26.754166,83.373312,Gorakhpur Railway Station -> Golghar Commercial Center,"26.754166, 83.373312 (Gorakhpur Railway Station -> Golghar Commercial Center)",BUS_OBU_SYNCHRONIZED_GPS,2026-09-14 09:20:49,UPSRTC-UP53-8821,Immediate Asphalt Cold-Mix Patching (PWD),DISPATCHED,CLUST-006,98
INC-POT-041,POTHOLE / ROAD DEFECT,CRITICAL,0.75,117,117,26.754166,83.373312,Gorakhpur Railway Station -> Golghar Commercial Center,"26.754166, 83.373312 (Gorakhpur Railway Station -> Golghar Commercial Center)",BUS_OBU_SYNCHRONIZED_GPS,2026-09-14 09:20:49,UPSRTC-UP53-8821,Immediate Asphalt Cold-Mix Patching (PWD),DISPATCHED,CLUST-006,98
INC-POT-042,POTHOLE / ROAD DEFECT,CRITICAL,0.79,126,126,26.753708,83.373669,Gorakhpur Railway Station -> Golghar Commercial Center,"26.753708, 83.373669 (Gorakhpur Railway Station -> Golghar Commercial Center)",BUS_OBU_SYNCHRONIZED_GPS,2026-09-14 09:20:50,UPSRTC-UP53-8821,Immediate Asphalt Cold-Mix Patching (PWD),DISPATCHED,CLUST-006,98
INC-POT-043,POTHOLE / ROAD DEFECT,CRITICAL,0.75,126,126,26.753708,83.373669,Gorakhpur Railway Station -> Golghar Commercial Center,"26.753708, 83.373669 (Gorakhpur Railway Station -> Golghar Commercial Center)",BUS_OBU_SYNCHRONIZED_GPS,2026-09-14 09:20:50,UPSRTC-UP53-8821,Immediate Asphalt Cold-Mix Patching (PWD),DISPATCHED,CLUST-006,98
INC-POT-044,POTHOLE / ROAD DEFECT,CRITICAL,0.75,126,126,26.753708,83.373669,Gorakhpur Railway Station -> Golghar Commercial Center,"26.753708, 83.373669 (Gorakhpur Railway Station -> Golghar Commercial Center)",BUS_OBU_SYNCHRONIZED_GPS,2026-09-14 09:20:50,UPSRTC-UP53-8821,Immediate Asphalt Cold-Mix Patching (PWD),DISPATCHED,CLUST-006,98
INC-POT-045,POTHOLE / ROAD DEFECT,CRITICAL,0.75,126,126,26.753708,83.373669,Gorakhpur Railway Station -> Golghar Commercial Center,"26.753708, 83.373669 (Gorakhpur Railway Station -> Golghar Commercial Center)",BUS_OBU_SYNCHRONIZED_GPS,2026-09-14 09:20:50,UPSRTC-UP53-8821,Immediate Asphalt Cold-Mix Patching (PWD),DISPATCHED,CLUST-006,98
INC-POT-046,POTHOLE / ROAD DEFECT,CRITICAL,0.78,135,135,26.753288,83.373996,Gorakhpur Railway Station -> Golghar Commercial Center,"26.753288, 83.373996 (Gorakhpur Railway Station -> Golghar Commercial Center)",BUS_OBU_SYNCHRONIZED_GPS,2026-09-14 09:20:50,UPSRTC-UP53-8821,Immediate Asphalt Cold-Mix Patching (PWD),DISPATCHED,CLUST-007,98
INC-POT-047,POTHOLE / ROAD DEFECT,CRITICAL,0.77,135,135,26.753288,83.373996,Gorakhpur Railway Station -> Golghar Commercial Center,"26.753288, 83.373996 (Gorakhpur Railway Station -> Golghar Commercial Center)",BUS_OBU_SYNCHRONIZED_GPS,2026-09-14 09:20:50,UPSRTC-UP53-8821,Immediate Asphalt Cold-Mix Patching (PWD),DISPATCHED,CLUST-007,98
INC-POT-048,POTHOLE / ROAD DEFECT,CRITICAL,0.76,135,135,26.753288,83.373996,Gorakhpur Railway Station -> Golghar Commercial Center,"26.753288, 83.373996 (Gorakhpur Railway Station -> Golghar Commercial Center)",BUS_OBU_SYNCHRONIZED_GPS,2026-09-14 09:20:50,UPSRTC-UP53-8821,Immediate Asphalt Cold-Mix Patching (PWD),DISPATCHED,CLUST-007,98
INC-POT-049,POTHOLE / ROAD DEFECT,CRITICAL,0.75,135,135,26.753288,83.373996,Gorakhpur Railway Station -> Golghar Commercial Center,"26.753288, 83.373996 (Gorakhpur Railway Station -> Golghar Commercial Center)",BUS_OBU_SYNCHRONIZED_GPS,2026-09-14 09:20:50,UPSRTC-UP53-8821,Immediate Asphalt Cold-Mix Patching (PWD),DISPATCHED,CLUST-007,98
INC-POT-050,POTHOLE / ROAD DEFECT,CRITICAL,0.74,144,144,26.752915,83.374287,Gorakhpur Railway Station -> Golghar Commercial Center,"26.752915, 83.374287 (Gorakhpur Railway Station -> Golghar Commercial Center)",BUS_OBU_SYNCHRONIZED_GPS,2026-09-14 09:20:51,UPSRTC-UP53-8821,Immediate Asphalt Cold-Mix Patching (PWD),DISPATCHED,CLUST-007,98
INC-POT-051,POTHOLE / ROAD DEFECT,CRITICAL,0.74,144,144,26.752915,83.374287,Gorakhpur Railway Station -> Golghar Commercial Center,"26.752915, 83.374287 (Gorakhpur Railway Station -> Golghar Commercial Center)",BUS_OBU_SYNCHRONIZED_GPS,2026-09-14 09:20:51,UPSRTC-UP53-8821,Immediate Asphalt Cold-Mix Patching (PWD),DISPATCHED,CLUST-007,98
INC-POT-052,POTHOLE / ROAD DEFECT,CRITICAL,0.74,144,144,26.752915,83.374287,Gorakhpur Railway Station -> Golghar Commercial Center,"26.752915, 83.374287 (Gorakhpur Railway Station -> Golghar Commercial Center)",BUS_OBU_SYNCHRONIZED_GPS,2026-09-14 09:20:51,UPSRTC-UP53-8821,Immediate Asphalt Cold-Mix Patching (PWD),DISPATCHED,CLUST-007,98
INC-POT-053,POTHOLE / ROAD DEFECT,CRITICAL,0.74,144,144,26.752915,83.374287,Gorakhpur Railway Station -> Golghar Commercial Center,"26.752915, 83.374287 (Gorakhpur Railway Station -> Golghar Commercial Center)",BUS_OBU_SYNCHRONIZED_GPS,2026-09-14 09:20:51,UPSRTC-UP53-8821,Immediate Asphalt Cold-Mix Patching (PWD),DISPATCHED,CLUST-007,98
INC-POT-054,POTHOLE / ROAD DEFECT,CRITICAL,0.86,153,153,26.752597,83.374535,Gorakhpur Railway Station -> Golghar Commercial Center,"26.752597, 83.374535 (Gorakhpur Railway Station -> Golghar Commercial Center)",BUS_OBU_SYNCHRONIZED_GPS,2026-09-14 09:20:51,UPSRTC-UP53-8821,Immediate Asphalt Cold-Mix Patching (PWD),DISPATCHED,CLUST-008,98
INC-POT-055,POTHOLE / ROAD DEFECT,CRITICAL,0.83,153,153,26.752597,83.374535,Gorakhpur Railway Station -> Golghar Commercial Center,"26.752597, 83.374535 (Gorakhpur Railway Station -> Golghar Commercial Center)",BUS_OBU_SYNCHRONIZED_GPS,2026-09-14 09:20:51,UPSRTC-UP53-8821,Immediate Asphalt Cold-Mix Patching (PWD),DISPATCHED,CLUST-008,98
INC-POT-056,POTHOLE / ROAD DEFECT,CRITICAL,0.8,153,153,26.752597,83.374535,Gorakhpur Railway Station -> Golghar Commercial Center,"26.752597, 83.374535 (Gorakhpur Railway Station -> Golghar Commercial Center)",BUS_OBU_SYNCHRONIZED_GPS,2026-09-14 09:20:51,UPSRTC-UP53-8821,Immediate Asphalt Cold-Mix Patching (PWD),DISPATCHED,CLUST-008,98
INC-POT-057,POTHOLE / ROAD DEFECT,CRITICAL,0.77,153,153,26.752597,83.374535,Gorakhpur Railway Station -> Golghar Commercial Center,"26.752597, 83.374535 (Gorakhpur Railway Station -> Golghar Commercial Center)",BUS_OBU_SYNCHRONIZED_GPS,2026-09-14 09:20:51,UPSRTC-UP53-8821,Immediate Asphalt Cold-Mix Patching (PWD),DISPATCHED,CLUST-008,98
INC-POT-058,POTHOLE / ROAD DEFECT,CRITICAL,0.87,162,162,26.752342,83.374733,Gorakhpur Railway Station -> Golghar Commercial Center,"26.752342, 83.374733 (Gorakhpur Railway Station -> Golghar Commercial Center)",BUS_OBU_SYNCHRONIZED_GPS,2026-09-14 09:20:52,UPSRTC-UP53-8821,Immediate Asphalt Cold-Mix Patching (PWD),DISPATCHED,CLUST-008,98
INC-POT-059,POTHOLE / ROAD DEFECT,CRITICAL,0.87,162,162,26.752342,83.374733,Gorakhpur Railway Station -> Golghar Commercial Center,"26.752342, 83.374733 (Gorakhpur Railway Station -> Golghar Commercial Center)",BUS_OBU_SYNCHRONIZED_GPS,2026-09-14 09:20:52,UPSRTC-UP53-8821,Immediate Asphalt Cold-Mix Patching (PWD),DISPATCHED,CLUST-008,98
INC-POT-060,POTHOLE / ROAD DEFECT,CRITICAL,0.76,162,162,26.752342,83.374733,Gorakhpur Railway Station -> Golghar Commercial Center,"26.752342, 83.374733 (Gorakhpur Railway Station -> Golghar Commercial Center)",BUS_OBU_SYNCHRONIZED_GPS,2026-09-14 09:20:52,UPSRTC-UP53-8821,Immediate Asphalt Cold-Mix Patching (PWD),DISPATCHED,CLUST-008,98
INC-POT-061,POTHOLE / ROAD DEFECT,CRITICAL,0.74,162,162,26.752342,83.374733,Gorakhpur Railway Station -> Golghar Commercial Center,"26.752342, 83.374733 (Gorakhpur Railway Station -> Golghar Commercial Center)",BUS_OBU_SYNCHRONIZED_GPS,2026-09-14 09:20:52,UPSRTC-UP53-8821,Immediate Asphalt Cold-Mix Patching (PWD),DISPATCHED,CLUST-008,98
INC-POT-062,POTHOLE / ROAD DEFECT,CRITICAL,0.79,171,171,26.752155,83.374879,Gorakhpur Railway Station -> Golghar Commercial Center,"26.752155, 83.374879 (Gorakhpur Railway Station -> Golghar Commercial Center)",BUS_OBU_SYNCHRONIZED_GPS,2026-09-14 09:20:52,UPSRTC-UP53-8821,Immediate Asphalt Cold-Mix Patching (PWD),DISPATCHED,CLUST-008,98
INC-POT-063,POTHOLE / ROAD DEFECT,CRITICAL,0.74,171,171,26.752155,83.374879,Gorakhpur Railway Station -> Golghar Commercial Center,"26.752155, 83.374879 (Gorakhpur Railway Station -> Golghar Commercial Center)",BUS_OBU_SYNCHRONIZED_GPS,2026-09-14 09:20:52,UPSRTC-UP53-8821,Immediate Asphalt Cold-Mix Patching (PWD),DISPATCHED,CLUST-008,98
INC-POT-064,POTHOLE / ROAD DEFECT,CRITICAL,0.75,171,171,26.752155,83.374879,Gorakhpur Railway Station -> Golghar Commercial Center,"26.752155, 83.374879 (Gorakhpur Railway Station -> Golghar Commercial Center)",BUS_OBU_SYNCHRONIZED_GPS,2026-09-14 09:20:52,UPSRTC-UP53-8821,Immediate Asphalt Cold-Mix Patching (PWD),DISPATCHED,CLUST-008,98
INC-POT-065,POTHOLE / ROAD DEFECT,CRITICAL,0.74,171,171,26.752155,83.374879,Gorakhpur Railway Station -> Golghar Commercial Center,"26.752155, 83.374879 (Gorakhpur Railway Station -> Golghar Commercial Center)",BUS_OBU_SYNCHRONIZED_GPS,2026-09-14 09:20:52,UPSRTC-UP53-8821,Immediate Asphalt Cold-Mix Patching (PWD),DISPATCHED,CLUST-008,98
INC-POT-066,POTHOLE / ROAD DEFECT,CRITICAL,0.78,180,180,26.75204,83.374969,Gorakhpur Railway Station -> Golghar Commercial Center,"26.752040, 83.374969 (Gorakhpur Railway Station -> Golghar Commercial Center)",BUS_OBU_SYNCHRONIZED_GPS,2026-09-14 09:20:53,UPSRTC-UP53-8821,Immediate Asphalt Cold-Mix Patching (PWD),DISPATCHED,CLUST-008,98
INC-POT-067,POTHOLE / ROAD DEFECT,CRITICAL,0.74,180,180,26.75204,83.374969,Gorakhpur Railway Station -> Golghar Commercial Center,"26.752040, 83.374969 (Gorakhpur Railway Station -> Golghar Commercial Center)",BUS_OBU_SYNCHRONIZED_GPS,2026-09-14 09:20:53,UPSRTC-UP53-8821,Immediate Asphalt Cold-Mix Patching (PWD),DISPATCHED,CLUST-008,98
INC-POT-068,POTHOLE / ROAD DEFECT,CRITICAL,0.74,180,180,26.75204,83.374969,Gorakhpur Railway Station -> Golghar Commercial Center,"26.752040, 83.374969 (Gorakhpur Railway Station -> Golghar Commercial Center)",BUS_OBU_SYNCHRONIZED_GPS,2026-09-14 09:20:53,UPSRTC-UP53-8821,Immediate Asphalt Cold-Mix Patching (PWD),DISPATCHED,CLUST-008,98
INC-POT-069,POTHOLE / ROAD DEFECT,CRITICAL,0.74,180,180,26.75204,83.374969,Gorakhpur Railway Station -> Golghar Commercial Center,"26.752040, 83.374969 (Gorakhpur Railway Station -> Golghar Commercial Center)",BUS_OBU_SYNCHRONIZED_GPS,2026-09-14 09:20:53,UPSRTC-UP53-8821,Immediate Asphalt Cold-Mix Patching (PWD),DISPATCHED,CLUST-008,98
INC-POT-070,POTHOLE / ROAD DEFECT,CRITICAL,0.84,189,189,26.752,83.375,Gorakhpur Railway Station -> Golghar Commercial Center,"26.752000, 83.375000 (Gorakhpur Railway Station -> Golghar Commercial Center)",BUS_OBU_SYNCHRONIZED_GPS,2026-09-14 09:20:53,UPSRTC-UP53-8821,Immediate Asphalt Cold-Mix Patching (PWD),DISPATCHED,CLUST-008,98
INC-POT-071,POTHOLE / ROAD DEFECT,CRITICAL,0.75,189,189,26.752,83.375,Gorakhpur Railway Station -> Golghar Commercial Center,"26.752000, 83.375000 (Gorakhpur Railway Station -> Golghar Commercial Center)",BUS_OBU_SYNCHRONIZED_GPS,2026-09-14 09:20:53,UPSRTC-UP53-8821,Immediate Asphalt Cold-Mix Patching (PWD),DISPATCHED,CLUST-008,98
INC-POT-072,POTHOLE / ROAD DEFECT,CRITICAL,0.75,189,189,26.752,83.375,Gorakhpur Railway Station -> Golghar Commercial Center,"26.752000, 83.375000 (Gorakhpur Railway Station -> Golghar Commercial Center)",BUS_OBU_SYNCHRONIZED_GPS,2026-09-14 09:20:53,UPSRTC-UP53-8821,Immediate Asphalt Cold-Mix Patching (PWD),DISPATCHED,CLUST-008,98
INC-POT-073,POTHOLE / ROAD DEFECT,CRITICAL,0.75,189,189,26.752,83.375,Gorakhpur Railway Station -> Golghar Commercial Center,"26.752000, 83.375000 (Gorakhpur Railway Station -> Golghar Commercial Center)",BUS_OBU_SYNCHRONIZED_GPS,2026-09-14 09:20:53,UPSRTC-UP53-8821,Immediate Asphalt Cold-Mix Patching (PWD),DISPATCHED,CLUST-008,98
INC-POT-074,POTHOLE / ROAD DEFECT,CRITICAL,0.79,198,198,26.751963,83.375058,Golghar Commercial Center -> Civil Lines / Commissioner Office,"26.751963, 83.375058 (Golghar Commercial Center -> Civil Lines / Commissioner Office)",BUS_OBU_SYNCHRONIZED_GPS,2026-09-14 09:20:54,UPSRTC-UP53-8821,Immediate Asphalt Cold-Mix Patching (PWD),DISPATCHED,CLUST-009,98
INC-POT-075,POTHOLE / ROAD DEFECT,CRITICAL,0.78,198,198,26.751963,83.375058,Golghar Commercial Center -> Civil Lines / Commissioner Office,"26.751963, 83.375058 (Golghar Commercial Center -> Civil Lines / Commissioner Office)",BUS_OBU_SYNCHRONIZED_GPS,2026-09-14 09:20:54,UPSRTC-UP53-8821,Immediate Asphalt Cold-Mix Patching (PWD),DISPATCHED,CLUST-009,98
INC-POT-076,POTHOLE / ROAD DEFECT,CRITICAL,0.74,198,198,26.751963,83.375058,Golghar Commercial Center -> Civil Lines / Commissioner Office,"26.751963, 83.375058 (Golghar Commercial Center -> Civil Lines / Commissioner Office)",BUS_OBU_SYNCHRONIZED_GPS,2026-09-14 09:20:54,UPSRTC-UP53-8821,Immediate Asphalt Cold-Mix Patching (PWD),DISPATCHED,CLUST-009,98
INC-POT-077,POTHOLE / ROAD DEFECT,CRITICAL,0.75,198,198,26.751963,83.375058,Golghar Commercial Center -> Civil Lines / Commissioner Office,"26.751963, 83.375058 (Golghar Commercial Center -> Civil Lines / Commissioner Office)",BUS_OBU_SYNCHRONIZED_GPS,2026-09-14 09:20:54,UPSRTC-UP53-8821,Immediate Asphalt Cold-Mix Patching (PWD),DISPATCHED,CLUST-009,98
INC-POT-078,POTHOLE / ROAD DEFECT,CRITICAL,0.77,207,207,26.751849,83.375237,Golghar Commercial Center -> Civil Lines / Commissioner Office,"26.751849, 83.375237 (Golghar Commercial Center -> Civil Lines / Commissioner Office)",BUS_OBU_SYNCHRONIZED_GPS,2026-09-14 09:20:54,UPSRTC-UP53-8821,Immediate Asphalt Cold-Mix Patching (PWD),DISPATCHED,CLUST-009,98
INC-POT-079,POTHOLE / ROAD DEFECT,CRITICAL,0.79,207,207,26.751849,83.375237,Golghar Commercial Center -> Civil Lines / Commissioner Office,"26.751849, 83.375237 (Golghar Commercial Center -> Civil Lines / Commissioner Office)",BUS_OBU_SYNCHRONIZED_GPS,2026-09-14 09:20:54,UPSRTC-UP53-8821,Immediate Asphalt Cold-Mix Patching (PWD),DISPATCHED,CLUST-009,98
INC-POT-080,POTHOLE / ROAD DEFECT,CRITICAL,0.76,207,207,26.751849,83.375237,Golghar Commercial Center -> Civil Lines / Commissioner Office,"26.751849, 83.375237 (Golghar Commercial Center -> Civil Lines / Commissioner Office)",BUS_OBU_SYNCHRONIZED_GPS,2026-09-14 09:20:54,UPSRTC-UP53-8821,Immediate Asphalt Cold-Mix Patching (PWD),DISPATCHED,CLUST-009,98
INC-POT-081,POTHOLE / ROAD DEFECT,CRITICAL,0.75,207,207,26.751849,83.375237,Golghar Commercial Center -> Civil Lines / Commissioner Office,"26.751849, 83.375237 (Golghar Commercial Center -> Civil Lines / Commissioner Office)",BUS_OBU_SYNCHRONIZED_GPS,2026-09-14 09:20:54,UPSRTC-UP53-8821,Immediate Asphalt Cold-Mix Patching (PWD),DISPATCHED,CLUST-009,98
INC-POT-082,POTHOLE / ROAD DEFECT,CRITICAL,0.81,216,216,26.751661,83.375533,Golghar Commercial Center -> Civil Lines / Commissioner Office,"26.751661, 83.375533 (Golghar Commercial Center -> Civil Lines / Commissioner Office)",BUS_OBU_SYNCHRONIZED_GPS,2026-09-14 09:20:55,UPSRTC-UP53-8821,Immediate Asphalt Cold-Mix Patching (PWD),DISPATCHED,CLUST-009,98
INC-POT-083,POTHOLE / ROAD DEFECT,CRITICAL,0.8,216,216,26.751661,83.375533,Golghar Commercial Center -> Civil Lines / Commissioner Office,"26.751661, 83.375533 (Golghar Commercial Center -> Civil Lines / Commissioner Office)",BUS_OBU_SYNCHRONIZED_GPS,2026-09-14 09:20:55,UPSRTC-UP53-8821,Immediate Asphalt Cold-Mix Patching (PWD),DISPATCHED,CLUST-009,98
INC-POT-084,POTHOLE / ROAD DEFECT,CRITICAL,0.78,216,216,26.751661,83.375533,Golghar Commercial Center -> Civil Lines / Commissioner Office,"26.751661, 83.375533 (Golghar Commercial Center -> Civil Lines / Commissioner Office)",BUS_OBU_SYNCHRONIZED_GPS,2026-09-14 09:20:55,UPSRTC-UP53-8821,Immediate Asphalt Cold-Mix Patching (PWD),DISPATCHED,CLUST-009,98
INC-POT-085,POTHOLE / ROAD DEFECT,CRITICAL,0.75,216,216,26.751661,83.375533,Golghar Commercial Center -> Civil Lines / Commissioner Office,"26.751661, 83.375533 (Golghar Commercial Center -> Civil Lines / Commissioner Office)",BUS_OBU_SYNCHRONIZED_GPS,2026-09-14 09:20:55,UPSRTC-UP53-8821,Immediate Asphalt Cold-Mix Patching (PWD),DISPATCHED,CLUST-009,98
INC-POT-086,POTHOLE / ROAD DEFECT,CRITICAL,0.81,225,225,26.751402,83.37594,Golghar Commercial Center -> Civil Lines / Commissioner Office,"26.751402, 83.375940 (Golghar Commercial Center -> Civil Lines / Commissioner Office)",BUS_OBU_SYNCHRONIZED_GPS,2026-09-14 09:20:55,UPSRTC-UP53-8821,Immediate Asphalt Cold-Mix Patching (PWD),DISPATCHED,CLUST-010,98
INC-POT-087,POTHOLE / ROAD DEFECT,CRITICAL,0.75,225,225,26.751402,83.37594,Golghar Commercial Center -> Civil Lines / Commissioner Office,"26.751402, 83.375940 (Golghar Commercial Center -> Civil Lines / Commissioner Office)",BUS_OBU_SYNCHRONIZED_GPS,2026-09-14 09:20:55,UPSRTC-UP53-8821,Immediate Asphalt Cold-Mix Patching (PWD),DISPATCHED,CLUST-010,98
INC-POT-088,POTHOLE / ROAD DEFECT,CRITICAL,0.75,225,225,26.751402,83.37594,Golghar Commercial Center -> Civil Lines / Commissioner Office,"26.751402, 83.375940 (Golghar Commercial Center -> Civil Lines / Commissioner Office)",BUS_OBU_SYNCHRONIZED_GPS,2026-09-14 09:20:55,UPSRTC-UP53-8821,Immediate Asphalt Cold-Mix Patching (PWD),DISPATCHED,CLUST-010,98
INC-POT-089,POTHOLE / ROAD DEFECT,CRITICAL,0.76,225,225,26.751402,83.37594,Golghar Commercial Center -> Civil Lines / Commissioner Office,"26.751402, 83.375940 (Golghar Commercial Center -> Civil Lines / Commissioner Office)",BUS_OBU_SYNCHRONIZED_GPS,2026-09-14 09:20:55,UPSRTC-UP53-8821,Immediate Asphalt Cold-Mix Patching (PWD),DISPATCHED,CLUST-010,98
INC-POT-090,POTHOLE / ROAD DEFECT,CRITICAL,0.83,234,234,26.751078,83.376449,Golghar Commercial Center -> Civil Lines / Commissioner Office,"26.751078, 83.376449 (Golghar Commercial Center -> Civil Lines / Commissioner Office)",BUS_OBU_SYNCHRONIZED_GPS,2026-09-14 09:20:56,UPSRTC-UP53-8821,Immediate Asphalt Cold-Mix Patching (PWD),DISPATCHED,CLUST-010,98
INC-POT-091,POTHOLE / ROAD DEFECT,CRITICAL,0.8,234,234,26.751078,83.376449,Golghar Commercial Center -> Civil Lines / Commissioner Office,"26.751078, 83.376449 (Golghar Commercial Center -> Civil Lines / Commissioner Office)",BUS_OBU_SYNCHRONIZED_GPS,2026-09-14 09:20:56,UPSRTC-UP53-8821,Immediate Asphalt Cold-Mix Patching (PWD),DISPATCHED,CLUST-010,98
INC-POT-092,POTHOLE / ROAD DEFECT,CRITICAL,0.75,234,234,26.751078,83.376449,Golghar Commercial Center -> Civil Lines / Commissioner Office,"26.751078, 83.376449 (Golghar Commercial Center -> Civil Lines / Commissioner Office)",BUS_OBU_SYNCHRONIZED_GPS,2026-09-14 09:20:56,UPSRTC-UP53-8821,Immediate Asphalt Cold-Mix Patching (PWD),DISPATCHED,CLUST-010,98
INC-POT-093,POTHOLE / ROAD DEFECT,CRITICAL,0.74,234,234,26.751078,83.376449,Golghar Commercial Center -> Civil Lines / Commissioner Office,"26.751078, 83.376449 (Golghar Commercial Center -> Civil Lines / Commissioner Office)",BUS_OBU_SYNCHRONIZED_GPS,2026-09-14 09:20:56,UPSRTC-UP53-8821,Immediate Asphalt Cold-Mix Patching (PWD),DISPATCHED,CLUST-010,98
INC-POT-094,POTHOLE / ROAD DEFECT,CRITICAL,0.77,243,243,26.750697,83.377048,Golghar Commercial Center -> Civil Lines / Commissioner Office,"26.750697, 83.377048 (Golghar Commercial Center -> Civil Lines / Commissioner Office)",BUS_OBU_SYNCHRONIZED_GPS,2026-09-14 09:20:56,UPSRTC-UP53-8821,Immediate Asphalt Cold-Mix Patching (PWD),DISPATCHED,CLUST-011,98
INC-POT-095,POTHOLE / ROAD DEFECT,CRITICAL,0.77,243,243,26.750697,83.377048,Golghar Commercial Center -> Civil Lines / Commissioner Office,"26.750697, 83.377048 (Golghar Commercial Center -> Civil Lines / Commissioner Office)",BUS_OBU_SYNCHRONIZED_GPS,2026-09-14 09:20:56,UPSRTC-UP53-8821,Immediate Asphalt Cold-Mix Patching (PWD),DISPATCHED,CLUST-011,98
INC-POT-096,POTHOLE / ROAD DEFECT,CRITICAL,0.79,243,243,26.750697,83.377048,Golghar Commercial Center -> Civil Lines / Commissioner Office,"26.750697, 83.377048 (Golghar Commercial Center -> Civil Lines / Commissioner Office)",BUS_OBU_SYNCHRONIZED_GPS,2026-09-14 09:20:56,UPSRTC-UP53-8821,Immediate Asphalt Cold-Mix Patching (PWD),DISPATCHED,CLUST-011,98
INC-POT-097,POTHOLE / ROAD DEFECT,CRITICAL,0.75,243,243,26.750697,83.377048,Golghar Commercial Center -> Civil Lines / Commissioner Office,"26.750697, 83.377048 (Golghar Commercial Center -> Civil Lines / Commissioner Office)",BUS_OBU_SYNCHRONIZED_GPS,2026-09-14 09:20:56,UPSRTC-UP53-8821,Immediate Asphalt Cold-Mix Patching (PWD),DISPATCHED,CLUST-011,98
INC-POT-098,POTHOLE / ROAD DEFECT,CRITICAL,0.8,252,252,26.750267,83.377724,Golghar Commercial Center -> Civil Lines / Commissioner Office,"26.750267, 83.377724 (Golghar Commercial Center -> Civil Lines / Commissioner Office)",BUS_OBU_SYNCHRONIZED_GPS,2026-09-14 09:20:57,UPSRTC-UP53-8821,Immediate Asphalt Cold-Mix Patching (PWD),DISPATCHED,CLUST-011,98
INC-POT-099,POTHOLE / ROAD DEFECT,CRITICAL,0.78,252,252,26.750267,83.377724,Golghar Commercial Center -> Civil Lines / Commissioner Office,"26.750267, 83.377724 (Golghar Commercial Center -> Civil Lines / Commissioner Office)",BUS_OBU_SYNCHRONIZED_GPS,2026-09-14 09:20:57,UPSRTC-UP53-8821,Immediate Asphalt Cold-Mix Patching (PWD),DISPATCHED,CLUST-011,98
INC-POT-100,POTHOLE / ROAD DEFECT,CRITICAL,0.75,252,252,26.750267,83.377724,Golghar Commercial Center -> Civil Lines / Commissioner Office,"26.750267, 83.377724 (Golghar Commercial Center -> Civil Lines / Commissioner Office)",BUS_OBU_SYNCHRONIZED_GPS,2026-09-14 09:20:57,UPSRTC-UP53-8821,Immediate Asphalt Cold-Mix Patching (PWD),DISPATCHED,CLUST-011,98
INC-POT-101,POTHOLE / ROAD DEFECT,CRITICAL,0.76,252,252,26.750267,83.377724,Golghar Commercial Center -> Civil Lines / Commissioner Office,"26.750267, 83.377724 (Golghar Commercial Center -> Civil Lines / Commissioner Office)",BUS_OBU_SYNCHRONIZED_GPS,2026-09-14 09:20:57,UPSRTC-UP53-8821,Immediate Asphalt Cold-Mix Patching (PWD),DISPATCHED,CLUST-011,98
INC-POT-102,POTHOLE / ROAD DEFECT,HIGH,0.77,261,261,26.749797,83.378461,Golghar Commercial Center -> Civil Lines / Commissioner Office,"26.749797, 83.378461 (Golghar Commercial Center -> Civil Lines / Commissioner Office)",BUS_OBU_SYNCHRONIZED_GPS,2026-09-14 09:20:57,UPSRTC-UP53-8821,Immediate Asphalt Cold-Mix Patching (PWD),DISPATCHED,CLUST-012,70
INC-POT-103,POTHOLE / ROAD DEFECT,HIGH,0.76,261,261,26.749797,83.378461,Golghar Commercial Center -> Civil Lines / Commissioner Office,"26.749797, 83.378461 (Golghar Commercial Center -> Civil Lines / Commissioner Office)",BUS_OBU_SYNCHRONIZED_GPS,2026-09-14 09:20:57,UPSRTC-UP53-8821,Immediate Asphalt Cold-Mix Patching (PWD),DISPATCHED,CLUST-012,70
INC-POT-104,POTHOLE / ROAD DEFECT,HIGH,0.74,261,261,26.749797,83.378461,Golghar Commercial Center -> Civil Lines / Commissioner Office,"26.749797, 83.378461 (Golghar Commercial Center -> Civil Lines / Commissioner Office)",BUS_OBU_SYNCHRONIZED_GPS,2026-09-14 09:20:57,UPSRTC-UP53-8821,Immediate Asphalt Cold-Mix Patching (PWD),DISPATCHED,CLUST-012,70
INC-POT-105,POTHOLE / ROAD DEFECT,HIGH,0.77,261,261,26.749797,83.378461,Golghar Commercial Center -> Civil Lines / Commissioner Office,"26.749797, 83.378461 (Golghar Commercial Center -> Civil Lines / Commissioner Office)",BUS_OBU_SYNCHRONIZED_GPS,2026-09-14 09:20:57,UPSRTC-UP53-8821,Immediate Asphalt Cold-Mix Patching (PWD),DISPATCHED,CLUST-012,70
INC-POT-106,POTHOLE / ROAD DEFECT,CRITICAL,0.75,270,270,26.749299,83.379244,Golghar Commercial Center -> Civil Lines / Commissioner Office,"26.749299, 83.379244 (Golghar Commercial Center -> Civil Lines / Commissioner Office)",BUS_OBU_SYNCHRONIZED_GPS,2026-09-14 09:20:58,UPSRTC-UP53-8821,Immediate Asphalt Cold-Mix Patching (PWD),DISPATCHED,CLUST-013,98
INC-POT-107,POTHOLE / ROAD DEFECT,CRITICAL,0.78,270,270,26.749299,83.379244,Golghar Commercial Center -> Civil Lines / Commissioner Office,"26.749299, 83.379244 (Golghar Commercial Center -> Civil Lines / Commissioner Office)",BUS_OBU_SYNCHRONIZED_GPS,2026-09-14 09:20:58,UPSRTC-UP53-8821,Immediate Asphalt Cold-Mix Patching (PWD),DISPATCHED,CLUST-013,98
INC-POT-108,POTHOLE / ROAD DEFECT,CRITICAL,0.75,270,270,26.749299,83.379244,Golghar Commercial Center -> Civil Lines / Commissioner Office,"26.749299, 83.379244 (Golghar Commercial Center -> Civil Lines / Commissioner Office)",BUS_OBU_SYNCHRONIZED_GPS,2026-09-14 09:20:58,UPSRTC-UP53-8821,Immediate Asphalt Cold-Mix Patching (PWD),DISPATCHED,CLUST-013,98
INC-POT-109,POTHOLE / ROAD DEFECT,CRITICAL,0.77,270,270,26.749299,83.379244,Golghar Commercial Center -> Civil Lines / Commissioner Office,"26.749299, 83.379244 (Golghar Commercial Center -> Civil Lines / Commissioner Office)",BUS_OBU_SYNCHRONIZED_GPS,2026-09-14 09:20:58,UPSRTC-UP53-8821,Immediate Asphalt Cold-Mix Patching (PWD),DISPATCHED,CLUST-013,98
INC-POT-110,POTHOLE / ROAD DEFECT,CRITICAL,0.81,279,279,26.748783,83.380055,Golghar Commercial Center -> Civil Lines / Commissioner Office,"26.748783, 83.380055 (Golghar Commercial Center -> Civil Lines / Commissioner Office)",BUS_OBU_SYNCHRONIZED_GPS,2026-09-14 09:20:58,UPSRTC-UP53-8821,Immediate Asphalt Cold-Mix Patching (PWD),DISPATCHED,CLUST-014,98
INC-POT-111,POTHOLE / ROAD DEFECT,CRITICAL,0.77,279,279,26.748783,83.380055,Golghar Commercial Center -> Civil Lines / Commissioner Office,"26.748783, 83.380055 (Golghar Commercial Center -> Civil Lines / Commissioner Office)",BUS_OBU_SYNCHRONIZED_GPS,2026-09-14 09:20:58,UPSRTC-UP53-8821,Immediate Asphalt Cold-Mix Patching (PWD),DISPATCHED,CLUST-014,98
INC-POT-112,POTHOLE / ROAD DEFECT,CRITICAL,0.75,279,279,26.748783,83.380055,Golghar Commercial Center -> Civil Lines / Commissioner Office,"26.748783, 83.380055 (Golghar Commercial Center -> Civil Lines / Commissioner Office)",BUS_OBU_SYNCHRONIZED_GPS,2026-09-14 09:20:58,UPSRTC-UP53-8821,Immediate Asphalt Cold-Mix Patching (PWD),DISPATCHED,CLUST-014,98
INC-POT-113,POTHOLE / ROAD DEFECT,CRITICAL,0.74,279,279,26.748783,83.380055,Golghar Commercial Center -> Civil Lines / Commissioner Office,"26.748783, 83.380055 (Golghar Commercial Center -> Civil Lines / Commissioner Office)",BUS_OBU_SYNCHRONIZED_GPS,2026-09-14 09:20:58,UPSRTC-UP53-8821,Immediate Asphalt Cold-Mix Patching (PWD),DISPATCHED,CLUST-014,98
INC-POT-114,POTHOLE / ROAD DEFECT,CRITICAL,0.78,288,288,26.748261,83.380876,Golghar Commercial Center -> Civil Lines / Commissioner Office,"26.748261, 83.380876 (Golghar Commercial Center -> Civil Lines / Commissioner Office)",BUS_OBU_SYNCHRONIZED_GPS,2026-09-14 09:20:59,UPSRTC-UP53-8821,Immediate Asphalt Cold-Mix Patching (PWD),DISPATCHED,CLUST-015,98
INC-POT-115,POTHOLE / ROAD DEFECT,CRITICAL,0.75,288,288,26.748261,83.380876,Golghar Commercial Center -> Civil Lines / Commissioner Office,"26.748261, 83.380876 (Golghar Commercial Center -> Civil Lines / Commissioner Office)",BUS_OBU_SYNCHRONIZED_GPS,2026-09-14 09:20:59,UPSRTC-UP53-8821,Immediate Asphalt Cold-Mix Patching (PWD),DISPATCHED,CLUST-015,98
INC-POT-116,POTHOLE / ROAD DEFECT,CRITICAL,0.74,288,288,26.748261,83.380876,Golghar Commercial Center -> Civil Lines / Commissioner Office,"26.748261, 83.380876 (Golghar Commercial Center -> Civil Lines / Commissioner Office)",BUS_OBU_SYNCHRONIZED_GPS,2026-09-14 09:20:59,UPSRTC-UP53-8821,Immediate Asphalt Cold-Mix Patching (PWD),DISPATCHED,CLUST-015,98
INC-POT-117,POTHOLE / ROAD DEFECT,CRITICAL,0.77,297,297,26.747743,83.381689,Golghar Commercial Center -> Civil Lines / Commissioner Office,"26.747743, 83.381689 (Golghar Commercial Center -> Civil Lines / Commissioner Office)",BUS_OBU_SYNCHRONIZED_GPS,2026-09-14 09:20:59,UPSRTC-UP53-8821,Immediate Asphalt Cold-Mix Patching (PWD),DISPATCHED,CLUST-016,98
INC-POT-118,POTHOLE / ROAD DEFECT,CRITICAL,0.77,297,297,26.747743,83.381689,Golghar Commercial Center -> Civil Lines / Commissioner Office,"26.747743, 83.381689 (Golghar Commercial Center -> Civil Lines / Commissioner Office)",BUS_OBU_SYNCHRONIZED_GPS,2026-09-14 09:20:59,UPSRTC-UP53-8821,Immediate Asphalt Cold-Mix Patching (PWD),DISPATCHED,CLUST-016,98
INC-POT-119,POTHOLE / ROAD DEFECT,CRITICAL,0.8,306,306,26.747243,83.382475,Golghar Commercial Center -> Civil Lines / Commissioner Office,"26.747243, 83.382475 (Golghar Commercial Center -> Civil Lines / Commissioner Office)",BUS_OBU_SYNCHRONIZED_GPS,2026-09-14 09:21:00,UPSRTC-UP53-8821,Immediate Asphalt Cold-Mix Patching (PWD),DISPATCHED,CLUST-017,98
INC-POT-120,POTHOLE / ROAD DEFECT,CRITICAL,0.77,306,306,26.747243,83.382475,Golghar Commercial Center -> Civil Lines / Commissioner Office,"26.747243, 83.382475 (Golghar Commercial Center -> Civil Lines / Commissioner Office)",BUS_OBU_SYNCHRONIZED_GPS,2026-09-14 09:21:00,UPSRTC-UP53-8821,Immediate Asphalt Cold-Mix Patching (PWD),DISPATCHED,CLUST-017,98
INC-POT-121,POTHOLE / ROAD DEFECT,CRITICAL,0.74,306,306,26.747243,83.382475,Golghar Commercial Center -> Civil Lines / Commissioner Office,"26.747243, 83.382475 (Golghar Commercial Center -> Civil Lines / Commissioner Office)",BUS_OBU_SYNCHRONIZED_GPS,2026-09-14 09:21:00,UPSRTC-UP53-8821,Immediate Asphalt Cold-Mix Patching (PWD),DISPATCHED,CLUST-017,98
INC-POT-122,POTHOLE / ROAD DEFECT,CRITICAL,0.74,306,306,26.747243,83.382475,Golghar Commercial Center -> Civil Lines / Commissioner Office,"26.747243, 83.382475 (Golghar Commercial Center -> Civil Lines / Commissioner Office)",BUS_OBU_SYNCHRONIZED_GPS,2026-09-14 09:21:00,UPSRTC-UP53-8821,Immediate Asphalt Cold-Mix Patching (PWD),DISPATCHED,CLUST-017,98
INC-POT-123,POTHOLE / ROAD DEFECT,CRITICAL,0.82,315,315,26.746771,83.383217,Golghar Commercial Center -> Civil Lines / Commissioner Office,"26.746771, 83.383217 (Golghar Commercial Center -> Civil Lines / Commissioner Office)",BUS_OBU_SYNCHRONIZED_GPS,2026-09-14 09:21:00,UPSRTC-UP53-8821,Immediate Asphalt Cold-Mix Patching (PWD),DISPATCHED,CLUST-018,98
INC-POT-124,POTHOLE / ROAD DEFECT,CRITICAL,0.76,315,315,26.746771,83.383217,Golghar Commercial Center -> Civil Lines / Commissioner Office,"26.746771, 83.383217 (Golghar Commercial Center -> Civil Lines / Commissioner Office)",BUS_OBU_SYNCHRONIZED_GPS,2026-09-14 09:21:00,UPSRTC-UP53-8821,Immediate Asphalt Cold-Mix Patching (PWD),DISPATCHED,CLUST-018,98
INC-POT-125,POTHOLE / ROAD DEFECT,CRITICAL,0.74,315,315,26.746771,83.383217,Golghar Commercial Center -> Civil Lines / Commissioner Office,"26.746771, 83.383217 (Golghar Commercial Center -> Civil Lines / Commissioner Office)",BUS_OBU_SYNCHRONIZED_GPS,2026-09-14 09:21:00,UPSRTC-UP53-8821,Immediate Asphalt Cold-Mix Patching (PWD),DISPATCHED,CLUST-018,98
INC-POT-126,POTHOLE / ROAD DEFECT,CRITICAL,0.75,315,315,26.746771,83.383217,Golghar Commercial Center -> Civil Lines / Commissioner Office,"26.746771, 83.383217 (Golghar Commercial Center -> Civil Lines / Commissioner Office)",BUS_OBU_SYNCHRONIZED_GPS,2026-09-14 09:21:00,UPSRTC-UP53-8821,Immediate Asphalt Cold-Mix Patching (PWD),DISPATCHED,CLUST-018,98
INC-POT-127,POTHOLE / ROAD DEFECT,CRITICAL,0.79,324,324,26.746337,83.383899,Golghar Commercial Center -> Civil Lines / Commissioner Office,"26.746337, 83.383899 (Golghar Commercial Center -> Civil Lines / Commissioner Office)",BUS_OBU_SYNCHRONIZED_GPS,2026-09-14 09:21:00,UPSRTC-UP53-8821,Immediate Asphalt Cold-Mix Patching (PWD),DISPATCHED,CLUST-018,98
INC-POT-128,POTHOLE / ROAD DEFECT,CRITICAL,0.76,324,324,26.746337,83.383899,Golghar Commercial Center -> Civil Lines / Commissioner Office,"26.746337, 83.383899 (Golghar Commercial Center -> Civil Lines / Commissioner Office)",BUS_OBU_SYNCHRONIZED_GPS,2026-09-14 09:21:00,UPSRTC-UP53-8821,Immediate Asphalt Cold-Mix Patching (PWD),DISPATCHED,CLUST-018,98
INC-POT-129,POTHOLE / ROAD DEFECT,CRITICAL,0.75,324,324,26.746337,83.383899,Golghar Commercial Center -> Civil Lines / Commissioner Office,"26.746337, 83.383899 (Golghar Commercial Center -> Civil Lines / Commissioner Office)",BUS_OBU_SYNCHRONIZED_GPS,2026-09-14 09:21:00,UPSRTC-UP53-8821,Immediate Asphalt Cold-Mix Patching (PWD),DISPATCHED,CLUST-018,98
INC-POT-130,POTHOLE / ROAD DEFECT,CRITICAL,0.74,324,324,26.746337,83.383899,Golghar Commercial Center -> Civil Lines / Commissioner Office,"26.746337, 83.383899 (Golghar Commercial Center -> Civil Lines / Commissioner Office)",BUS_OBU_SYNCHRONIZED_GPS,2026-09-14 09:21:00,UPSRTC-UP53-8821,Immediate Asphalt Cold-Mix Patching (PWD),DISPATCHED,CLUST-018,98
INC-POT-131,POTHOLE / ROAD DEFECT,CRITICAL,0.8,333,333,26.745952,83.384504,Golghar Commercial Center -> Civil Lines / Commissioner Office,"26.745952, 83.384504 (Golghar Commercial Center -> Civil Lines / Commissioner Office)",BUS_OBU_SYNCHRONIZED_GPS,2026-09-14 09:21:01,UPSRTC-UP53-8821,Immediate Asphalt Cold-Mix Patching (PWD),DISPATCHED,CLUST-019,98
INC-POT-132,POTHOLE / ROAD DEFECT,CRITICAL,0.77,333,333,26.745952,83.384504,Golghar Commercial Center -> Civil Lines / Commissioner Office,"26.745952, 83.384504 (Golghar Commercial Center -> Civil Lines / Commissioner Office)",BUS_OBU_SYNCHRONIZED_GPS,2026-09-14 09:21:01,UPSRTC-UP53-8821,Immediate Asphalt Cold-Mix Patching (PWD),DISPATCHED,CLUST-019,98
INC-POT-133,POTHOLE / ROAD DEFECT,CRITICAL,0.75,333,333,26.745952,83.384504,Golghar Commercial Center -> Civil Lines / Commissioner Office,"26.745952, 83.384504 (Golghar Commercial Center -> Civil Lines / Commissioner Office)",BUS_OBU_SYNCHRONIZED_GPS,2026-09-14 09:21:01,UPSRTC-UP53-8821,Immediate Asphalt Cold-Mix Patching (PWD),DISPATCHED,CLUST-019,98
INC-POT-134,POTHOLE / ROAD DEFECT,CRITICAL,0.75,333,333,26.745952,83.384504,Golghar Commercial Center -> Civil Lines / Commissioner Office,"26.745952, 83.384504 (Golghar Commercial Center -> Civil Lines / Commissioner Office)",BUS_OBU_SYNCHRONIZED_GPS,2026-09-14 09:21:01,UPSRTC-UP53-8821,Immediate Asphalt Cold-Mix Patching (PWD),DISPATCHED,CLUST-019,98
INC-POT-135,POTHOLE / ROAD DEFECT,CRITICAL,0.84,342,342,26.745623,83.385021,Golghar Commercial Center -> Civil Lines / Commissioner Office,"26.745623, 83.385021 (Golghar Commercial Center -> Civil Lines / Commissioner Office)",BUS_OBU_SYNCHRONIZED_GPS,2026-09-14 09:21:02,UPSRTC-UP53-8821,Immediate Asphalt Cold-Mix Patching (PWD),DISPATCHED,CLUST-019,98
INC-POT-136,POTHOLE / ROAD DEFECT,CRITICAL,0.74,342,342,26.745623,83.385021,Golghar Commercial Center -> Civil Lines / Commissioner Office,"26.745623, 83.385021 (Golghar Commercial Center -> Civil Lines / Commissioner Office)",BUS_OBU_SYNCHRONIZED_GPS,2026-09-14 09:21:02,UPSRTC-UP53-8821,Immediate Asphalt Cold-Mix Patching (PWD),DISPATCHED,CLUST-019,98
INC-POT-137,POTHOLE / ROAD DEFECT,CRITICAL,0.77,342,342,26.745623,83.385021,Golghar Commercial Center -> Civil Lines / Commissioner Office,"26.745623, 83.385021 (Golghar Commercial Center -> Civil Lines / Commissioner Office)",BUS_OBU_SYNCHRONIZED_GPS,2026-09-14 09:21:02,UPSRTC-UP53-8821,Immediate Asphalt Cold-Mix Patching (PWD),DISPATCHED,CLUST-019,98
INC-POT-138,POTHOLE / ROAD DEFECT,CRITICAL,0.76,342,342,26.745623,83.385021,Golghar Commercial Center -> Civil Lines / Commissioner Office,"26.745623, 83.385021 (Golghar Commercial Center -> Civil Lines / Commissioner Office)",BUS_OBU_SYNCHRONIZED_GPS,2026-09-14 09:21:02,UPSRTC-UP53-8821,Immediate Asphalt Cold-Mix Patching (PWD),DISPATCHED,CLUST-019,98
INC-POT-139,POTHOLE / ROAD DEFECT,CRITICAL,0.82,351,351,26.745358,83.385437,Golghar Commercial Center -> Civil Lines / Commissioner Office,"26.745358, 83.385437 (Golghar Commercial Center -> Civil Lines / Commissioner Office)",BUS_OBU_SYNCHRONIZED_GPS,2026-09-14 09:21:02,UPSRTC-UP53-8821,Immediate Asphalt Cold-Mix Patching (PWD),DISPATCHED,CLUST-020,98
INC-POT-140,POTHOLE / ROAD DEFECT,CRITICAL,0.87,351,351,26.745358,83.385437,Golghar Commercial Center -> Civil Lines / Commissioner Office,"26.745358, 83.385437 (Golghar Commercial Center -> Civil Lines / Commissioner Office)",BUS_OBU_SYNCHRONIZED_GPS,2026-09-14 09:21:02,UPSRTC-UP53-8821,Immediate Asphalt Cold-Mix Patching (PWD),DISPATCHED,CLUST-020,98
INC-POT-141,POTHOLE / ROAD DEFECT,CRITICAL,0.78,351,351,26.745358,83.385437,Golghar Commercial Center -> Civil Lines / Commissioner Office,"26.745358, 83.385437 (Golghar Commercial Center -> Civil Lines / Commissioner Office)",BUS_OBU_SYNCHRONIZED_GPS,2026-09-14 09:21:02,UPSRTC-UP53-8821,Immediate Asphalt Cold-Mix Patching (PWD),DISPATCHED,CLUST-020,98
INC-POT-142,POTHOLE / ROAD DEFECT,CRITICAL,0.75,351,351,26.745358,83.385437,Golghar Commercial Center -> Civil Lines / Commissioner Office,"26.745358, 83.385437 (Golghar Commercial Center -> Civil Lines / Commissioner Office)",BUS_OBU_SYNCHRONIZED_GPS,2026-09-14 09:21:02,UPSRTC-UP53-8821,Immediate Asphalt Cold-Mix Patching (PWD),DISPATCHED,CLUST-020,98
INC-POT-143,POTHOLE / ROAD DEFECT,CRITICAL,0.78,360,360,26.745164,83.385743,Golghar Commercial Center -> Civil Lines / Commissioner Office,"26.745164, 83.385743 (Golghar Commercial Center -> Civil Lines / Commissioner Office)",BUS_OBU_SYNCHRONIZED_GPS,2026-09-14 09:21:02,UPSRTC-UP53-8821,Immediate Asphalt Cold-Mix Patching (PWD),DISPATCHED,CLUST-020,98
INC-POT-144,POTHOLE / ROAD DEFECT,CRITICAL,0.74,360,360,26.745164,83.385743,Golghar Commercial Center -> Civil Lines / Commissioner Office,"26.745164, 83.385743 (Golghar Commercial Center -> Civil Lines / Commissioner Office)",BUS_OBU_SYNCHRONIZED_GPS,2026-09-14 09:21:02,UPSRTC-UP53-8821,Immediate Asphalt Cold-Mix Patching (PWD),DISPATCHED,CLUST-020,98
INC-POT-145,POTHOLE / ROAD DEFECT,CRITICAL,0.75,360,360,26.745164,83.385743,Golghar Commercial Center -> Civil Lines / Commissioner Office,"26.745164, 83.385743 (Golghar Commercial Center -> Civil Lines / Commissioner Office)",BUS_OBU_SYNCHRONIZED_GPS,2026-09-14 09:21:02,UPSRTC-UP53-8821,Immediate Asphalt Cold-Mix Patching (PWD),DISPATCHED,CLUST-020,98
INC-POT-146,POTHOLE / ROAD DEFECT,CRITICAL,0.74,360,360,26.745164,83.385743,Golghar Commercial Center -> Civil Lines / Commissioner Office,"26.745164, 83.385743 (Golghar Commercial Center -> Civil Lines / Commissioner Office)",BUS_OBU_SYNCHRONIZED_GPS,2026-09-14 09:21:02,UPSRTC-UP53-8821,Immediate Asphalt Cold-Mix Patching (PWD),DISPATCHED,CLUST-020,98
INC-POT-147,POTHOLE / ROAD DEFECT,CRITICAL,0.8,369,369,26.745043,83.385932,Golghar Commercial Center -> Civil Lines / Commissioner Office,"26.745043, 83.385932 (Golghar Commercial Center -> Civil Lines / Commissioner Office)",BUS_OBU_SYNCHRONIZED_GPS,2026-09-14 09:21:03,UPSRTC-UP53-8821,Immediate Asphalt Cold-Mix Patching (PWD),DISPATCHED,CLUST-020,98
INC-POT-148,POTHOLE / ROAD DEFECT,CRITICAL,0.83,369,369,26.745043,83.385932,Golghar Commercial Center -> Civil Lines / Commissioner Office,"26.745043, 83.385932 (Golghar Commercial Center -> Civil Lines / Commissioner Office)",BUS_OBU_SYNCHRONIZED_GPS,2026-09-14 09:21:03,UPSRTC-UP53-8821,Immediate Asphalt Cold-Mix Patching (PWD),DISPATCHED,CLUST-020,98
INC-POT-149,POTHOLE / ROAD DEFECT,CRITICAL,0.77,369,369,26.745043,83.385932,Golghar Commercial Center -> Civil Lines / Commissioner Office,"26.745043, 83.385932 (Golghar Commercial Center -> Civil Lines / Commissioner Office)",BUS_OBU_SYNCHRONIZED_GPS,2026-09-14 09:21:03,UPSRTC-UP53-8821,Immediate Asphalt Cold-Mix Patching (PWD),DISPATCHED,CLUST-020,98
INC-POT-150,POTHOLE / ROAD DEFECT,CRITICAL,0.74,369,369,26.745043,83.385932,Golghar Commercial Center -> Civil Lines / Commissioner Office,"26.745043, 83.385932 (Golghar Commercial Center -> Civil Lines / Commissioner Office)",BUS_OBU_SYNCHRONIZED_GPS,2026-09-14 09:21:03,UPSRTC-UP53-8821,Immediate Asphalt Cold-Mix Patching (PWD),DISPATCHED,CLUST-020,98
INC-POT-151,POTHOLE / ROAD DEFECT,CRITICAL,0.78,378,378,26.745,83.386,Golghar Commercial Center -> Civil Lines / Commissioner Office,"26.745000, 83.386000 (Golghar Commercial Center -> Civil Lines / Commissioner Office)",BUS_OBU_SYNCHRONIZED_GPS,2026-09-14 09:21:03,UPSRTC-UP53-8821,Immediate Asphalt Cold-Mix Patching (PWD),DISPATCHED,CLUST-020,98
INC-POT-152,POTHOLE / ROAD DEFECT,CRITICAL,0.76,378,378,26.745,83.386,Golghar Commercial Center -> Civil Lines / Commissioner Office,"26.745000, 83.386000 (Golghar Commercial Center -> Civil Lines / Commissioner Office)",BUS_OBU_SYNCHRONIZED_GPS,2026-09-14 09:21:03,UPSRTC-UP53-8821,Immediate Asphalt Cold-Mix Patching (PWD),DISPATCHED,CLUST-020,98
INC-POT-153,POTHOLE / ROAD DEFECT,CRITICAL,0.75,378,378,26.745,83.386,Golghar Commercial Center -> Civil Lines / Commissioner Office,"26.745000, 83.386000 (Golghar Commercial Center -> Civil Lines / Commissioner Office)",BUS_OBU_SYNCHRONIZED_GPS,2026-09-14 09:21:03,UPSRTC-UP53-8821,Immediate Asphalt Cold-Mix Patching (PWD),DISPATCHED,CLUST-020,98
INC-POT-154,POTHOLE / ROAD DEFECT,CRITICAL,0.75,378,378,26.745,83.386,Golghar Commercial Center -> Civil Lines / Commissioner Office,"26.745000, 83.386000 (Golghar Commercial Center -> Civil Lines / Commissioner Office)",BUS_OBU_SYNCHRONIZED_GPS,2026-09-14 09:21:03,UPSRTC-UP53-8821,Immediate Asphalt Cold-Mix Patching (PWD),DISPATCHED,CLUST-020,98
INC-POT-155,POTHOLE / ROAD DEFECT,CRITICAL,0.78,387,387,26.744968,83.38606,Civil Lines / Commissioner Office -> Mohaddipur Chauraha,"26.744968, 83.386060 (Civil Lines / Commissioner Office -> Mohaddipur Chauraha)",BUS_OBU_SYNCHRONIZED_GPS,2026-09-14 09:21:04,UPSRTC-UP53-8821,Immediate Asphalt Cold-Mix Patching (PWD),DISPATCHED,CLUST-020,98
INC-POT-156,POTHOLE / ROAD DEFECT,CRITICAL,0.75,387,387,26.744968,83.38606,Civil Lines / Commissioner Office -> Mohaddipur Chauraha,"26.744968, 83.386060 (Civil Lines / Commissioner Office -> Mohaddipur Chauraha)",BUS_OBU_SYNCHRONIZED_GPS,2026-09-14 09:21:04,UPSRTC-UP53-8821,Immediate Asphalt Cold-Mix Patching (PWD),DISPATCHED,CLUST-020,98
INC-POT-157,POTHOLE / ROAD DEFECT,CRITICAL,0.75,387,387,26.744968,83.38606,Civil Lines / Commissioner Office -> Mohaddipur Chauraha,"26.744968, 83.386060 (Civil Lines / Commissioner Office -> Mohaddipur Chauraha)",BUS_OBU_SYNCHRONIZED_GPS,2026-09-14 09:21:04,UPSRTC-UP53-8821,Immediate Asphalt Cold-Mix Patching (PWD),DISPATCHED,CLUST-020,98
INC-POT-158,POTHOLE / ROAD DEFECT,CRITICAL,0.74,387,387,26.744968,83.38606,Civil Lines / Commissioner Office -> Mohaddipur Chauraha,"26.744968, 83.386060 (Civil Lines / Commissioner Office -> Mohaddipur Chauraha)",BUS_OBU_SYNCHRONIZED_GPS,2026-09-14 09:21:04,UPSRTC-UP53-8821,Immediate Asphalt Cold-Mix Patching (PWD),DISPATCHED,CLUST-020,98
INC-POT-159,POTHOLE / ROAD DEFECT,CRITICAL,0.76,396,396,26.744866,83.386251,Civil Lines / Commissioner Office -> Mohaddipur Chauraha,"26.744866, 83.386251 (Civil Lines / Commissioner Office -> Mohaddipur Chauraha)",BUS_OBU_SYNCHRONIZED_GPS,2026-09-14 09:21:04,UPSRTC-UP53-8821,Immediate Asphalt Cold-Mix Patching (PWD),DISPATCHED,CLUST-021,98
INC-POT-160,POTHOLE / ROAD DEFECT,CRITICAL,0.76,396,396,26.744866,83.386251,Civil Lines / Commissioner Office -> Mohaddipur Chauraha,"26.744866, 83.386251 (Civil Lines / Commissioner Office -> Mohaddipur Chauraha)",BUS_OBU_SYNCHRONIZED_GPS,2026-09-14 09:21:04,UPSRTC-UP53-8821,Immediate Asphalt Cold-Mix Patching (PWD),DISPATCHED,CLUST-021,98
INC-POT-161,POTHOLE / ROAD DEFECT,CRITICAL,0.74,396,396,26.744866,83.386251,Civil Lines / Commissioner Office -> Mohaddipur Chauraha,"26.744866, 83.386251 (Civil Lines / Commissioner Office -> Mohaddipur Chauraha)",BUS_OBU_SYNCHRONIZED_GPS,2026-09-14 09:21:04,UPSRTC-UP53-8821,Immediate Asphalt Cold-Mix Patching (PWD),DISPATCHED,CLUST-021,98
INC-POT-162,POTHOLE / ROAD DEFECT,CRITICAL,0.74,396,396,26.744866,83.386251,Civil Lines / Commissioner Office -> Mohaddipur Chauraha,"26.744866, 83.386251 (Civil Lines / Commissioner Office -> Mohaddipur Chauraha)",BUS_OBU_SYNCHRONIZED_GPS,2026-09-14 09:21:04,UPSRTC-UP53-8821,Immediate Asphalt Cold-Mix Patching (PWD),DISPATCHED,CLUST-021,98
INC-POT-163,POTHOLE / ROAD DEFECT,CRITICAL,0.84,405,405,26.744695,83.386571,Civil Lines / Commissioner Office -> Mohaddipur Chauraha,"26.744695, 83.386571 (Civil Lines / Commissioner Office -> Mohaddipur Chauraha)",BUS_OBU_SYNCHRONIZED_GPS,2026-09-14 09:21:05,UPSRTC-UP53-8821,Immediate Asphalt Cold-Mix Patching (PWD),DISPATCHED,CLUST-021,98
INC-POT-164,POTHOLE / ROAD DEFECT,CRITICAL,0.79,405,405,26.744695,83.386571,Civil Lines / Commissioner Office -> Mohaddipur Chauraha,"26.744695, 83.386571 (Civil Lines / Commissioner Office -> Mohaddipur Chauraha)",BUS_OBU_SYNCHRONIZED_GPS,2026-09-14 09:21:05,UPSRTC-UP53-8821,Immediate Asphalt Cold-Mix Patching (PWD),DISPATCHED,CLUST-021,98
INC-POT-165,POTHOLE / ROAD DEFECT,CRITICAL,0.75,405,405,26.744695,83.386571,Civil Lines / Commissioner Office -> Mohaddipur Chauraha,"26.744695, 83.386571 (Civil Lines / Commissioner Office -> Mohaddipur Chauraha)",BUS_OBU_SYNCHRONIZED_GPS,2026-09-14 09:21:05,UPSRTC-UP53-8821,Immediate Asphalt Cold-Mix Patching (PWD),DISPATCHED,CLUST-021,98
INC-POT-166,POTHOLE / ROAD DEFECT,CRITICAL,0.74,405,405,26.744695,83.386571,Civil Lines / Commissioner Office -> Mohaddipur Chauraha,"26.744695, 83.386571 (Civil Lines / Commissioner Office -> Mohaddipur Chauraha)",BUS_OBU_SYNCHRONIZED_GPS,2026-09-14 09:21:05,UPSRTC-UP53-8821,Immediate Asphalt Cold-Mix Patching (PWD),DISPATCHED,CLUST-021,98
INC-POT-167,POTHOLE / ROAD DEFECT,CRITICAL,0.75,414,414,26.74446,83.387012,Civil Lines / Commissioner Office -> Mohaddipur Chauraha,"26.744460, 83.387012 (Civil Lines / Commissioner Office -> Mohaddipur Chauraha)",BUS_OBU_SYNCHRONIZED_GPS,2026-09-14 09:21:05,UPSRTC-UP53-8821,Immediate Asphalt Cold-Mix Patching (PWD),DISPATCHED,CLUST-022,98
INC-POT-168,POTHOLE / ROAD DEFECT,CRITICAL,0.75,414,414,26.74446,83.387012,Civil Lines / Commissioner Office -> Mohaddipur Chauraha,"26.744460, 83.387012 (Civil Lines / Commissioner Office -> Mohaddipur Chauraha)",BUS_OBU_SYNCHRONIZED_GPS,2026-09-14 09:21:05,UPSRTC-UP53-8821,Immediate Asphalt Cold-Mix Patching (PWD),DISPATCHED,CLUST-022,98
INC-POT-169,POTHOLE / ROAD DEFECT,CRITICAL,0.75,414,414,26.74446,83.387012,Civil Lines / Commissioner Office -> Mohaddipur Chauraha,"26.744460, 83.387012 (Civil Lines / Commissioner Office -> Mohaddipur Chauraha)",BUS_OBU_SYNCHRONIZED_GPS,2026-09-14 09:21:05,UPSRTC-UP53-8821,Immediate Asphalt Cold-Mix Patching (PWD),DISPATCHED,CLUST-022,98
INC-POT-170,POTHOLE / ROAD DEFECT,CRITICAL,0.74,414,414,26.74446,83.387012,Civil Lines / Commissioner Office -> Mohaddipur Chauraha,"26.744460, 83.387012 (Civil Lines / Commissioner Office -> Mohaddipur Chauraha)",BUS_OBU_SYNCHRONIZED_GPS,2026-09-14 09:21:05,UPSRTC-UP53-8821,Immediate Asphalt Cold-Mix Patching (PWD),DISPATCHED,CLUST-022,98
INC-POT-171,POTHOLE / ROAD DEFECT,CRITICAL,0.75,423,423,26.744166,83.387564,Civil Lines / Commissioner Office -> Mohaddipur Chauraha,"26.744166, 83.387564 (Civil Lines / Commissioner Office -> Mohaddipur Chauraha)",BUS_OBU_SYNCHRONIZED_GPS,2026-09-14 09:21:06,UPSRTC-UP53-8821,Immediate Asphalt Cold-Mix Patching (PWD),DISPATCHED,CLUST-022,98
INC-POT-172,POTHOLE / ROAD DEFECT,CRITICAL,0.74,423,423,26.744166,83.387564,Civil Lines / Commissioner Office -> Mohaddipur Chauraha,"26.744166, 83.387564 (Civil Lines / Commissioner Office -> Mohaddipur Chauraha)",BUS_OBU_SYNCHRONIZED_GPS,2026-09-14 09:21:06,UPSRTC-UP53-8821,Immediate Asphalt Cold-Mix Patching (PWD),DISPATCHED,CLUST-022,98
INC-POT-173,POTHOLE / ROAD DEFECT,CRITICAL,0.74,423,423,26.744166,83.387564,Civil Lines / Commissioner Office -> Mohaddipur Chauraha,"26.744166, 83.387564 (Civil Lines / Commissioner Office -> Mohaddipur Chauraha)",BUS_OBU_SYNCHRONIZED_GPS,2026-09-14 09:21:06,UPSRTC-UP53-8821,Immediate Asphalt Cold-Mix Patching (PWD),DISPATCHED,CLUST-022,98
INC-POT-174,POTHOLE / ROAD DEFECT,CRITICAL,0.74,423,423,26.744166,83.387564,Civil Lines / Commissioner Office -> Mohaddipur Chauraha,"26.744166, 83.387564 (Civil Lines / Commissioner Office -> Mohaddipur Chauraha)",BUS_OBU_SYNCHRONIZED_GPS,2026-09-14 09:21:06,UPSRTC-UP53-8821,Immediate Asphalt Cold-Mix Patching (PWD),DISPATCHED,CLUST-022,98
INC-POT-175,POTHOLE / ROAD DEFECT,CRITICAL,0.75,432,432,26.743819,83.388215,Civil Lines / Commissioner Office -> Mohaddipur Chauraha,"26.743819, 83.388215 (Civil Lines / Commissioner Office -> Mohaddipur Chauraha)",BUS_OBU_SYNCHRONIZED_GPS,2026-09-14 09:21:06,UPSRTC-UP53-8821,Immediate Asphalt Cold-Mix Patching (PWD),DISPATCHED,CLUST-023,98
INC-POT-176,POTHOLE / ROAD DEFECT,CRITICAL,0.75,432,432,26.743819,83.388215,Civil Lines / Commissioner Office -> Mohaddipur Chauraha,"26.743819, 83.388215 (Civil Lines / Commissioner Office -> Mohaddipur Chauraha)",BUS_OBU_SYNCHRONIZED_GPS,2026-09-14 09:21:06,UPSRTC-UP53-8821,Immediate Asphalt Cold-Mix Patching (PWD),DISPATCHED,CLUST-023,98
INC-POT-177,POTHOLE / ROAD DEFECT,CRITICAL,0.74,432,432,26.743819,83.388215,Civil Lines / Commissioner Office -> Mohaddipur Chauraha,"26.743819, 83.388215 (Civil Lines / Commissioner Office -> Mohaddipur Chauraha)",BUS_OBU_SYNCHRONIZED_GPS,2026-09-14 09:21:06,UPSRTC-UP53-8821,Immediate Asphalt Cold-Mix Patching (PWD),DISPATCHED,CLUST-023,98
INC-POT-178,POTHOLE / ROAD DEFECT,CRITICAL,0.74,432,432,26.743819,83.388215,Civil Lines / Commissioner Office -> Mohaddipur Chauraha,"26.743819, 83.388215 (Civil Lines / Commissioner Office -> Mohaddipur Chauraha)",BUS_OBU_SYNCHRONIZED_GPS,2026-09-14 09:21:06,UPSRTC-UP53-8821,Immediate Asphalt Cold-Mix Patching (PWD),DISPATCHED,CLUST-023,98
INC-POT-179,POTHOLE / ROAD DEFECT,CRITICAL,0.79,441,441,26.743427,83.38895,Civil Lines / Commissioner Office -> Mohaddipur Chauraha,"26.743427, 83.388950 (Civil Lines / Commissioner Office -> Mohaddipur Chauraha)",BUS_OBU_SYNCHRONIZED_GPS,2026-09-14 09:21:07,UPSRTC-UP53-8821,Immediate Asphalt Cold-Mix Patching (PWD),DISPATCHED,CLUST-024,98
INC-POT-180,POTHOLE / ROAD DEFECT,CRITICAL,0.74,441,441,26.743427,83.38895,Civil Lines / Commissioner Office -> Mohaddipur Chauraha,"26.743427, 83.388950 (Civil Lines / Commissioner Office -> Mohaddipur Chauraha)",BUS_OBU_SYNCHRONIZED_GPS,2026-09-14 09:21:07,UPSRTC-UP53-8821,Immediate Asphalt Cold-Mix Patching (PWD),DISPATCHED,CLUST-024,98
INC-POT-181,POTHOLE / ROAD DEFECT,CRITICAL,0.74,441,441,26.743427,83.38895,Civil Lines / Commissioner Office -> Mohaddipur Chauraha,"26.743427, 83.388950 (Civil Lines / Commissioner Office -> Mohaddipur Chauraha)",BUS_OBU_SYNCHRONIZED_GPS,2026-09-14 09:21:07,UPSRTC-UP53-8821,Immediate Asphalt Cold-Mix Patching (PWD),DISPATCHED,CLUST-024,98
INC-POT-182,POTHOLE / ROAD DEFECT,CRITICAL,0.77,441,441,26.743427,83.38895,Civil Lines / Commissioner Office -> Mohaddipur Chauraha,"26.743427, 83.388950 (Civil Lines / Commissioner Office -> Mohaddipur Chauraha)",BUS_OBU_SYNCHRONIZED_GPS,2026-09-14 09:21:07,UPSRTC-UP53-8821,Immediate Asphalt Cold-Mix Patching (PWD),DISPATCHED,CLUST-024,98
INC-POT-183,POTHOLE / ROAD DEFECT,CRITICAL,0.76,450,450,26.742998,83.389753,Civil Lines / Commissioner Office -> Mohaddipur Chauraha,"26.742998, 83.389753 (Civil Lines / Commissioner Office -> Mohaddipur Chauraha)",BUS_OBU_SYNCHRONIZED_GPS,2026-09-14 09:21:07,UPSRTC-UP53-8821,Immediate Asphalt Cold-Mix Patching (PWD),DISPATCHED,CLUST-025,98
INC-POT-184,POTHOLE / ROAD DEFECT,CRITICAL,0.76,450,450,26.742998,83.389753,Civil Lines / Commissioner Office -> Mohaddipur Chauraha,"26.742998, 83.389753 (Civil Lines / Commissioner Office -> Mohaddipur Chauraha)",BUS_OBU_SYNCHRONIZED_GPS,2026-09-14 09:21:07,UPSRTC-UP53-8821,Immediate Asphalt Cold-Mix Patching (PWD),DISPATCHED,CLUST-025,98
INC-POT-185,POTHOLE / ROAD DEFECT,CRITICAL,0.76,450,450,26.742998,83.389753,Civil Lines / Commissioner Office -> Mohaddipur Chauraha,"26.742998, 83.389753 (Civil Lines / Commissioner Office -> Mohaddipur Chauraha)",BUS_OBU_SYNCHRONIZED_GPS,2026-09-14 09:21:07,UPSRTC-UP53-8821,Immediate Asphalt Cold-Mix Patching (PWD),DISPATCHED,CLUST-025,98
INC-POT-186,POTHOLE / ROAD DEFECT,CRITICAL,0.74,450,450,26.742998,83.389753,Civil Lines / Commissioner Office -> Mohaddipur Chauraha,"26.742998, 83.389753 (Civil Lines / Commissioner Office -> Mohaddipur Chauraha)",BUS_OBU_SYNCHRONIZED_GPS,2026-09-14 09:21:07,UPSRTC-UP53-8821,Immediate Asphalt Cold-Mix Patching (PWD),DISPATCHED,CLUST-025,98
INC-POT-187,POTHOLE / ROAD DEFECT,CRITICAL,0.75,459,459,26.742543,83.390606,Civil Lines / Commissioner Office -> Mohaddipur Chauraha,"26.742543, 83.390606 (Civil Lines / Commissioner Office -> Mohaddipur Chauraha)",BUS_OBU_SYNCHRONIZED_GPS,2026-09-14 09:21:08,UPSRTC-UP53-8821,Immediate Asphalt Cold-Mix Patching (PWD),DISPATCHED,CLUST-026,98
INC-POT-188,POTHOLE / ROAD DEFECT,CRITICAL,0.74,459,459,26.742543,83.390606,Civil Lines / Commissioner Office -> Mohaddipur Chauraha,"26.742543, 83.390606 (Civil Lines / Commissioner Office -> Mohaddipur Chauraha)",BUS_OBU_SYNCHRONIZED_GPS,2026-09-14 09:21:08,UPSRTC-UP53-8821,Immediate Asphalt Cold-Mix Patching (PWD),DISPATCHED,CLUST-026,98
INC-POT-189,POTHOLE / ROAD DEFECT,CRITICAL,0.74,459,459,26.742543,83.390606,Civil Lines / Commissioner Office -> Mohaddipur Chauraha,"26.742543, 83.390606 (Civil Lines / Commissioner Office -> Mohaddipur Chauraha)",BUS_OBU_SYNCHRONIZED_GPS,2026-09-14 09:21:08,UPSRTC-UP53-8821,Immediate Asphalt Cold-Mix Patching (PWD),DISPATCHED,CLUST-026,98
INC-POT-190,POTHOLE / ROAD DEFECT,CRITICAL,0.74,459,459,26.742543,83.390606,Civil Lines / Commissioner Office -> Mohaddipur Chauraha,"26.742543, 83.390606 (Civil Lines / Commissioner Office -> Mohaddipur Chauraha)",BUS_OBU_SYNCHRONIZED_GPS,2026-09-14 09:21:08,UPSRTC-UP53-8821,Immediate Asphalt Cold-Mix Patching (PWD),DISPATCHED,CLUST-026,98
INC-POT-191,POTHOLE / ROAD DEFECT,CRITICAL,0.78,468,468,26.742072,83.39149,Civil Lines / Commissioner Office -> Mohaddipur Chauraha,"26.742072, 83.391490 (Civil Lines / Commissioner Office -> Mohaddipur Chauraha)",BUS_OBU_SYNCHRONIZED_GPS,2026-09-14 09:21:08,UPSRTC-UP53-8821,Immediate Asphalt Cold-Mix Patching (PWD),DISPATCHED,CLUST-027,98
INC-POT-192,POTHOLE / ROAD DEFECT,CRITICAL,0.75,477,477,26.741594,83.392386,Civil Lines / Commissioner Office -> Mohaddipur Chauraha,"26.741594, 83.392386 (Civil Lines / Commissioner Office -> Mohaddipur Chauraha)",BUS_OBU_SYNCHRONIZED_GPS,2026-09-14 09:21:09,UPSRTC-UP53-8821,Immediate Asphalt Cold-Mix Patching (PWD),DISPATCHED,CLUST-028,98
INC-POT-193,POTHOLE / ROAD DEFECT,CRITICAL,0.74,477,477,26.741594,83.392386,Civil Lines / Commissioner Office -> Mohaddipur Chauraha,"26.741594, 83.392386 (Civil Lines / Commissioner Office -> Mohaddipur Chauraha)",BUS_OBU_SYNCHRONIZED_GPS,2026-09-14 09:21:09,UPSRTC-UP53-8821,Immediate Asphalt Cold-Mix Patching (PWD),DISPATCHED,CLUST-028,98
INC-POT-194,POTHOLE / ROAD DEFECT,CRITICAL,0.75,477,477,26.741594,83.392386,Civil Lines / Commissioner Office -> Mohaddipur Chauraha,"26.741594, 83.392386 (Civil Lines / Commissioner Office -> Mohaddipur Chauraha)",BUS_OBU_SYNCHRONIZED_GPS,2026-09-14 09:21:09,UPSRTC-UP53-8821,Immediate Asphalt Cold-Mix Patching (PWD),DISPATCHED,CLUST-028,98
INC-POT-195,POTHOLE / ROAD DEFECT,CRITICAL,0.74,477,477,26.741594,83.392386,Civil Lines / Commissioner Office -> Mohaddipur Chauraha,"26.741594, 83.392386 (Civil Lines / Commissioner Office -> Mohaddipur Chauraha)",BUS_OBU_SYNCHRONIZED_GPS,2026-09-14 09:21:09,UPSRTC-UP53-8821,Immediate Asphalt Cold-Mix Patching (PWD),DISPATCHED,CLUST-028,98
INC-POT-196,POTHOLE / ROAD DEFECT,CRITICAL,0.74,486,486,26.741121,83.393273,Civil Lines / Commissioner Office -> Mohaddipur Chauraha,"26.741121, 83.393273 (Civil Lines / Commissioner Office -> Mohaddipur Chauraha)",BUS_OBU_SYNCHRONIZED_GPS,2026-09-14 09:21:09,UPSRTC-UP53-8821,Immediate Asphalt Cold-Mix Patching (PWD),DISPATCHED,CLUST-029,98
INC-POT-197,POTHOLE / ROAD DEFECT,CRITICAL,0.74,486,486,26.741121,83.393273,Civil Lines / Commissioner Office -> Mohaddipur Chauraha,"26.741121, 83.393273 (Civil Lines / Commissioner Office -> Mohaddipur Chauraha)",BUS_OBU_SYNCHRONIZED_GPS,2026-09-14 09:21:09,UPSRTC-UP53-8821,Immediate Asphalt Cold-Mix Patching (PWD),DISPATCHED,CLUST-029,98
INC-POT-198,POTHOLE / ROAD DEFECT,CRITICAL,0.84,513,513,26.739833,83.395688,Civil Lines / Commissioner Office -> Mohaddipur Chauraha,"26.739833, 83.395688 (Civil Lines / Commissioner Office -> Mohaddipur Chauraha)",BUS_OBU_SYNCHRONIZED_GPS,2026-09-14 09:21:10,UPSRTC-UP53-8821,Immediate Asphalt Cold-Mix Patching (PWD),DISPATCHED,CLUST-030,98
INC-POT-199,POTHOLE / ROAD DEFECT,CRITICAL,0.88,513,513,26.739833,83.395688,Civil Lines / Commissioner Office -> Mohaddipur Chauraha,"26.739833, 83.395688 (Civil Lines / Commissioner Office -> Mohaddipur Chauraha)",BUS_OBU_SYNCHRONIZED_GPS,2026-09-14 09:21:10,UPSRTC-UP53-8821,Immediate Asphalt Cold-Mix Patching (PWD),DISPATCHED,CLUST-030,98
INC-POT-200,POTHOLE / ROAD DEFECT,CRITICAL,0.84,513,513,26.739833,83.395688,Civil Lines / Commissioner Office -> Mohaddipur Chauraha,"26.739833, 83.395688 (Civil Lines / Commissioner Office -> Mohaddipur Chauraha)",BUS_OBU_SYNCHRONIZED_GPS,2026-09-14 09:21:10,UPSRTC-UP53-8821,Immediate Asphalt Cold-Mix Patching (PWD),DISPATCHED,CLUST-030,98
INC-POT-201,POTHOLE / ROAD DEFECT,CRITICAL,0.79,513,513,26.739833,83.395688,Civil Lines / Commissioner Office -> Mohaddipur Chauraha,"26.739833, 83.395688 (Civil Lines / Commissioner Office -> Mohaddipur Chauraha)",BUS_OBU_SYNCHRONIZED_GPS,2026-09-14 09:21:10,UPSRTC-UP53-8821,Immediate Asphalt Cold-Mix Patching (PWD),DISPATCHED,CLUST-030,98
INC-POT-202,POTHOLE / ROAD DEFECT,CRITICAL,0.81,522,522,26.739479,83.396351,Civil Lines / Commissioner Office -> Mohaddipur Chauraha,"26.739479, 83.396351 (Civil Lines / Commissioner Office -> Mohaddipur Chauraha)",BUS_OBU_SYNCHRONIZED_GPS,2026-09-14 09:21:11,UPSRTC-UP53-8821,Immediate Asphalt Cold-Mix Patching (PWD),DISPATCHED,CLUST-030,98
INC-POT-203,POTHOLE / ROAD DEFECT,CRITICAL,0.74,522,522,26.739479,83.396351,Civil Lines / Commissioner Office -> Mohaddipur Chauraha,"26.739479, 83.396351 (Civil Lines / Commissioner Office -> Mohaddipur Chauraha)",BUS_OBU_SYNCHRONIZED_GPS,2026-09-14 09:21:11,UPSRTC-UP53-8821,Immediate Asphalt Cold-Mix Patching (PWD),DISPATCHED,CLUST-030,98
INC-POT-204,POTHOLE / ROAD DEFECT,CRITICAL,0.74,522,522,26.739479,83.396351,Civil Lines / Commissioner Office -> Mohaddipur Chauraha,"26.739479, 83.396351 (Civil Lines / Commissioner Office -> Mohaddipur Chauraha)",BUS_OBU_SYNCHRONIZED_GPS,2026-09-14 09:21:11,UPSRTC-UP53-8821,Immediate Asphalt Cold-Mix Patching (PWD),DISPATCHED,CLUST-030,98
INC-POT-205,POTHOLE / ROAD DEFECT,CRITICAL,0.75,522,522,26.739479,83.396351,Civil Lines / Commissioner Office -> Mohaddipur Chauraha,"26.739479, 83.396351 (Civil Lines / Commissioner Office -> Mohaddipur Chauraha)",BUS_OBU_SYNCHRONIZED_GPS,2026-09-14 09:21:11,UPSRTC-UP53-8821,Immediate Asphalt Cold-Mix Patching (PWD),DISPATCHED,CLUST-030,98
INC-POT-206,POTHOLE / ROAD DEFECT,CRITICAL,0.82,531,531,26.739177,83.396918,Civil Lines / Commissioner Office -> Mohaddipur Chauraha,"26.739177, 83.396918 (Civil Lines / Commissioner Office -> Mohaddipur Chauraha)",BUS_OBU_SYNCHRONIZED_GPS,2026-09-14 09:21:11,UPSRTC-UP53-8821,Immediate Asphalt Cold-Mix Patching (PWD),DISPATCHED,CLUST-031,98
INC-POT-207,POTHOLE / ROAD DEFECT,CRITICAL,0.84,531,531,26.739177,83.396918,Civil Lines / Commissioner Office -> Mohaddipur Chauraha,"26.739177, 83.396918 (Civil Lines / Commissioner Office -> Mohaddipur Chauraha)",BUS_OBU_SYNCHRONIZED_GPS,2026-09-14 09:21:11,UPSRTC-UP53-8821,Immediate Asphalt Cold-Mix Patching (PWD),DISPATCHED,CLUST-031,98
INC-POT-208,POTHOLE / ROAD DEFECT,CRITICAL,0.76,531,531,26.739177,83.396918,Civil Lines / Commissioner Office -> Mohaddipur Chauraha,"26.739177, 83.396918 (Civil Lines / Commissioner Office -> Mohaddipur Chauraha)",BUS_OBU_SYNCHRONIZED_GPS,2026-09-14 09:21:11,UPSRTC-UP53-8821,Immediate Asphalt Cold-Mix Patching (PWD),DISPATCHED,CLUST-031,98
INC-POT-209,POTHOLE / ROAD DEFECT,CRITICAL,0.75,531,531,26.739177,83.396918,Civil Lines / Commissioner Office -> Mohaddipur Chauraha,"26.739177, 83.396918 (Civil Lines / Commissioner Office -> Mohaddipur Chauraha)",BUS_OBU_SYNCHRONIZED_GPS,2026-09-14 09:21:11,UPSRTC-UP53-8821,Immediate Asphalt Cold-Mix Patching (PWD),DISPATCHED,CLUST-031,98
INC-POT-210,POTHOLE / ROAD DEFECT,CRITICAL,0.8,540,540,26.738934,83.397375,Civil Lines / Commissioner Office -> Mohaddipur Chauraha,"26.738934, 83.397375 (Civil Lines / Commissioner Office -> Mohaddipur Chauraha)",BUS_OBU_SYNCHRONIZED_GPS,2026-09-14 09:21:12,UPSRTC-UP53-8821,Immediate Asphalt Cold-Mix Patching (PWD),DISPATCHED,CLUST-031,98
INC-POT-211,POTHOLE / ROAD DEFECT,CRITICAL,0.85,540,540,26.738934,83.397375,Civil Lines / Commissioner Office -> Mohaddipur Chauraha,"26.738934, 83.397375 (Civil Lines / Commissioner Office -> Mohaddipur Chauraha)",BUS_OBU_SYNCHRONIZED_GPS,2026-09-14 09:21:12,UPSRTC-UP53-8821,Immediate Asphalt Cold-Mix Patching (PWD),DISPATCHED,CLUST-031,98
INC-POT-212,POTHOLE / ROAD DEFECT,CRITICAL,0.77,540,540,26.738934,83.397375,Civil Lines / Commissioner Office -> Mohaddipur Chauraha,"26.738934, 83.397375 (Civil Lines / Commissioner Office -> Mohaddipur Chauraha)",BUS_OBU_SYNCHRONIZED_GPS,2026-09-14 09:21:12,UPSRTC-UP53-8821,Immediate Asphalt Cold-Mix Patching (PWD),DISPATCHED,CLUST-031,98
INC-POT-213,POTHOLE / ROAD DEFECT,CRITICAL,0.74,540,540,26.738934,83.397375,Civil Lines / Commissioner Office -> Mohaddipur Chauraha,"26.738934, 83.397375 (Civil Lines / Commissioner Office -> Mohaddipur Chauraha)",BUS_OBU_SYNCHRONIZED_GPS,2026-09-14 09:21:12,UPSRTC-UP53-8821,Immediate Asphalt Cold-Mix Patching (PWD),DISPATCHED,CLUST-031,98
INC-POT-214,POTHOLE / ROAD DEFECT,CRITICAL,0.83,549,549,26.738754,83.397712,Civil Lines / Commissioner Office -> Mohaddipur Chauraha,"26.738754, 83.397712 (Civil Lines / Commissioner Office -> Mohaddipur Chauraha)",BUS_OBU_SYNCHRONIZED_GPS,2026-09-14 09:21:12,UPSRTC-UP53-8821,Immediate Asphalt Cold-Mix Patching (PWD),DISPATCHED,CLUST-032,98
INC-POT-215,POTHOLE / ROAD DEFECT,CRITICAL,0.79,549,549,26.738754,83.397712,Civil Lines / Commissioner Office -> Mohaddipur Chauraha,"26.738754, 83.397712 (Civil Lines / Commissioner Office -> Mohaddipur Chauraha)",BUS_OBU_SYNCHRONIZED_GPS,2026-09-14 09:21:12,UPSRTC-UP53-8821,Immediate Asphalt Cold-Mix Patching (PWD),DISPATCHED,CLUST-032,98
INC-POT-216,POTHOLE / ROAD DEFECT,CRITICAL,0.76,549,549,26.738754,83.397712,Civil Lines / Commissioner Office -> Mohaddipur Chauraha,"26.738754, 83.397712 (Civil Lines / Commissioner Office -> Mohaddipur Chauraha)",BUS_OBU_SYNCHRONIZED_GPS,2026-09-14 09:21:12,UPSRTC-UP53-8821,Immediate Asphalt Cold-Mix Patching (PWD),DISPATCHED,CLUST-032,98
INC-POT-217,POTHOLE / ROAD DEFECT,CRITICAL,0.76,549,549,26.738754,83.397712,Civil Lines / Commissioner Office -> Mohaddipur Chauraha,"26.738754, 83.397712 (Civil Lines / Commissioner Office -> Mohaddipur Chauraha)",BUS_OBU_SYNCHRONIZED_GPS,2026-09-14 09:21:12,UPSRTC-UP53-8821,Immediate Asphalt Cold-Mix Patching (PWD),DISPATCHED,CLUST-032,98
INC-POT-218,POTHOLE / ROAD DEFECT,CRITICAL,0.83,558,558,26.738642,83.397922,Civil Lines / Commissioner Office -> Mohaddipur Chauraha,"26.738642, 83.397922 (Civil Lines / Commissioner Office -> Mohaddipur Chauraha)",BUS_OBU_SYNCHRONIZED_GPS,2026-09-14 09:21:13,UPSRTC-UP53-8821,Immediate Asphalt Cold-Mix Patching (PWD),DISPATCHED,CLUST-032,98
INC-POT-219,POTHOLE / ROAD DEFECT,CRITICAL,0.75,558,558,26.738642,83.397922,Civil Lines / Commissioner Office -> Mohaddipur Chauraha,"26.738642, 83.397922 (Civil Lines / Commissioner Office -> Mohaddipur Chauraha)",BUS_OBU_SYNCHRONIZED_GPS,2026-09-14 09:21:13,UPSRTC-UP53-8821,Immediate Asphalt Cold-Mix Patching (PWD),DISPATCHED,CLUST-032,98
INC-POT-220,POTHOLE / ROAD DEFECT,CRITICAL,0.76,558,558,26.738642,83.397922,Civil Lines / Commissioner Office -> Mohaddipur Chauraha,"26.738642, 83.397922 (Civil Lines / Commissioner Office -> Mohaddipur Chauraha)",BUS_OBU_SYNCHRONIZED_GPS,2026-09-14 09:21:13,UPSRTC-UP53-8821,Immediate Asphalt Cold-Mix Patching (PWD),DISPATCHED,CLUST-032,98
INC-POT-221,POTHOLE / ROAD DEFECT,CRITICAL,0.74,558,558,26.738642,83.397922,Civil Lines / Commissioner Office -> Mohaddipur Chauraha,"26.738642, 83.397922 (Civil Lines / Commissioner Office -> Mohaddipur Chauraha)",BUS_OBU_SYNCHRONIZED_GPS,2026-09-14 09:21:13,UPSRTC-UP53-8821,Immediate Asphalt Cold-Mix Patching (PWD),DISPATCHED,CLUST-032,98
INC-POT-222,POTHOLE / ROAD DEFECT,CRITICAL,0.79,567,567,26.7386,83.398,Civil Lines / Commissioner Office -> Mohaddipur Chauraha,"26.738600, 83.398000 (Civil Lines / Commissioner Office -> Mohaddipur Chauraha)",BUS_OBU_SYNCHRONIZED_GPS,2026-09-14 09:21:13,UPSRTC-UP53-8821,Immediate Asphalt Cold-Mix Patching (PWD),DISPATCHED,CLUST-032,98
INC-POT-223,POTHOLE / ROAD DEFECT,CRITICAL,0.8,567,567,26.7386,83.398,Civil Lines / Commissioner Office -> Mohaddipur Chauraha,"26.738600, 83.398000 (Civil Lines / Commissioner Office -> Mohaddipur Chauraha)",BUS_OBU_SYNCHRONIZED_GPS,2026-09-14 09:21:13,UPSRTC-UP53-8821,Immediate Asphalt Cold-Mix Patching (PWD),DISPATCHED,CLUST-032,98
INC-POT-224,POTHOLE / ROAD DEFECT,CRITICAL,0.76,567,567,26.7386,83.398,Civil Lines / Commissioner Office -> Mohaddipur Chauraha,"26.738600, 83.398000 (Civil Lines / Commissioner Office -> Mohaddipur Chauraha)",BUS_OBU_SYNCHRONIZED_GPS,2026-09-14 09:21:13,UPSRTC-UP53-8821,Immediate Asphalt Cold-Mix Patching (PWD),DISPATCHED,CLUST-032,98
INC-POT-225,POTHOLE / ROAD DEFECT,CRITICAL,0.75,567,567,26.7386,83.398,Civil Lines / Commissioner Office -> Mohaddipur Chauraha,"26.738600, 83.398000 (Civil Lines / Commissioner Office -> Mohaddipur Chauraha)",BUS_OBU_SYNCHRONIZED_GPS,2026-09-14 09:21:13,UPSRTC-UP53-8821,Immediate Asphalt Cold-Mix Patching (PWD),DISPATCHED,CLUST-032,98
INC-POT-226,POTHOLE / ROAD DEFECT,CRITICAL,0.74,576,576,26.73852,83.398094,Mohaddipur Chauraha -> AIIMS Gorakhpur Transit Stop,"26.738520, 83.398094 (Mohaddipur Chauraha -> AIIMS Gorakhpur Transit Stop)",BUS_OBU_SYNCHRONIZED_GPS,2026-09-14 09:21:14,UPSRTC-UP53-8821,Immediate Asphalt Cold-Mix Patching (PWD),DISPATCHED,CLUST-032,98
INC-POT-227,POTHOLE / ROAD DEFECT,CRITICAL,0.75,585,585,26.738252,83.398407,Mohaddipur Chauraha -> AIIMS Gorakhpur Transit Stop,"26.738252, 83.398407 (Mohaddipur Chauraha -> AIIMS Gorakhpur Transit Stop)",BUS_OBU_SYNCHRONIZED_GPS,2026-09-14 09:21:14,UPSRTC-UP53-8821,Immediate Asphalt Cold-Mix Patching (PWD),DISPATCHED,CLUST-033,98
INC-POT-228,POTHOLE / ROAD DEFECT,CRITICAL,0.74,585,585,26.738252,83.398407,Mohaddipur Chauraha -> AIIMS Gorakhpur Transit Stop,"26.738252, 83.398407 (Mohaddipur Chauraha -> AIIMS Gorakhpur Transit Stop)",BUS_OBU_SYNCHRONIZED_GPS,2026-09-14 09:21:14,UPSRTC-UP53-8821,Immediate Asphalt Cold-Mix Patching (PWD),DISPATCHED,CLUST-033,98
INC-POT-229,POTHOLE / ROAD DEFECT,CRITICAL,0.74,585,585,26.738252,83.398407,Mohaddipur Chauraha -> AIIMS Gorakhpur Transit Stop,"26.738252, 83.398407 (Mohaddipur Chauraha -> AIIMS Gorakhpur Transit Stop)",BUS_OBU_SYNCHRONIZED_GPS,2026-09-14 09:21:14,UPSRTC-UP53-8821,Immediate Asphalt Cold-Mix Patching (PWD),DISPATCHED,CLUST-033,98
INC-POT-230,POTHOLE / ROAD DEFECT,CRITICAL,0.75,585,585,26.738252,83.398407,Mohaddipur Chauraha -> AIIMS Gorakhpur Transit Stop,"26.738252, 83.398407 (Mohaddipur Chauraha -> AIIMS Gorakhpur Transit Stop)",BUS_OBU_SYNCHRONIZED_GPS,2026-09-14 09:21:14,UPSRTC-UP53-8821,Immediate Asphalt Cold-Mix Patching (PWD),DISPATCHED,CLUST-033,98
INC-POT-231,POTHOLE / ROAD DEFECT,CRITICAL,0.77,594,594,26.737801,83.398934,Mohaddipur Chauraha -> AIIMS Gorakhpur Transit Stop,"26.737801, 83.398934 (Mohaddipur Chauraha -> AIIMS Gorakhpur Transit Stop)",BUS_OBU_SYNCHRONIZED_GPS,2026-09-14 09:21:14,UPSRTC-UP53-8821,Immediate Asphalt Cold-Mix Patching (PWD),DISPATCHED,CLUST-033,98
INC-POT-232,POTHOLE / ROAD DEFECT,CRITICAL,0.75,594,594,26.737801,83.398934,Mohaddipur Chauraha -> AIIMS Gorakhpur Transit Stop,"26.737801, 83.398934 (Mohaddipur Chauraha -> AIIMS Gorakhpur Transit Stop)",BUS_OBU_SYNCHRONIZED_GPS,2026-09-14 09:21:14,UPSRTC-UP53-8821,Immediate Asphalt Cold-Mix Patching (PWD),DISPATCHED,CLUST-033,98
INC-POT-233,POTHOLE / ROAD DEFECT,CRITICAL,0.74,594,594,26.737801,83.398934,Mohaddipur Chauraha -> AIIMS Gorakhpur Transit Stop,"26.737801, 83.398934 (Mohaddipur Chauraha -> AIIMS Gorakhpur Transit Stop)",BUS_OBU_SYNCHRONIZED_GPS,2026-09-14 09:21:14,UPSRTC-UP53-8821,Immediate Asphalt Cold-Mix Patching (PWD),DISPATCHED,CLUST-033,98
INC-POT-234,POTHOLE / ROAD DEFECT,CRITICAL,0.75,594,594,26.737801,83.398934,Mohaddipur Chauraha -> AIIMS Gorakhpur Transit Stop,"26.737801, 83.398934 (Mohaddipur Chauraha -> AIIMS Gorakhpur Transit Stop)",BUS_OBU_SYNCHRONIZED_GPS,2026-09-14 09:21:14,UPSRTC-UP53-8821,Immediate Asphalt Cold-Mix Patching (PWD),DISPATCHED,CLUST-033,98
INC-POT-235,POTHOLE / ROAD DEFECT,CRITICAL,0.75,603,603,26.737177,83.399664,Mohaddipur Chauraha -> AIIMS Gorakhpur Transit Stop,"26.737177, 83.399664 (Mohaddipur Chauraha -> AIIMS Gorakhpur Transit Stop)",BUS_OBU_SYNCHRONIZED_GPS,2026-09-14 09:21:15,UPSRTC-UP53-8821,Immediate Asphalt Cold-Mix Patching (PWD),DISPATCHED,CLUST-034,98
INC-POT-236,POTHOLE / ROAD DEFECT,CRITICAL,0.75,603,603,26.737177,83.399664,Mohaddipur Chauraha -> AIIMS Gorakhpur Transit Stop,"26.737177, 83.399664 (Mohaddipur Chauraha -> AIIMS Gorakhpur Transit Stop)",BUS_OBU_SYNCHRONIZED_GPS,2026-09-14 09:21:15,UPSRTC-UP53-8821,Immediate Asphalt Cold-Mix Patching (PWD),DISPATCHED,CLUST-034,98
INC-POT-237,POTHOLE / ROAD DEFECT,CRITICAL,0.75,603,603,26.737177,83.399664,Mohaddipur Chauraha -> AIIMS Gorakhpur Transit Stop,"26.737177, 83.399664 (Mohaddipur Chauraha -> AIIMS Gorakhpur Transit Stop)",BUS_OBU_SYNCHRONIZED_GPS,2026-09-14 09:21:15,UPSRTC-UP53-8821,Immediate Asphalt Cold-Mix Patching (PWD),DISPATCHED,CLUST-034,98
INC-POT-238,POTHOLE / ROAD DEFECT,CRITICAL,0.74,603,603,26.737177,83.399664,Mohaddipur Chauraha -> AIIMS Gorakhpur Transit Stop,"26.737177, 83.399664 (Mohaddipur Chauraha -> AIIMS Gorakhpur Transit Stop)",BUS_OBU_SYNCHRONIZED_GPS,2026-09-14 09:21:15,UPSRTC-UP53-8821,Immediate Asphalt Cold-Mix Patching (PWD),DISPATCHED,CLUST-034,98
INC-POT-239,POTHOLE / ROAD DEFECT,CRITICAL,0.87,612,612,26.736395,83.400579,Mohaddipur Chauraha -> AIIMS Gorakhpur Transit Stop,"26.736395, 83.400579 (Mohaddipur Chauraha -> AIIMS Gorakhpur Transit Stop)",BUS_OBU_SYNCHRONIZED_GPS,2026-09-14 09:21:15,UPSRTC-UP53-8821,Immediate Asphalt Cold-Mix Patching (PWD),DISPATCHED,CLUST-035,98
INC-POT-240,POTHOLE / ROAD DEFECT,CRITICAL,0.77,612,612,26.736395,83.400579,Mohaddipur Chauraha -> AIIMS Gorakhpur Transit Stop,"26.736395, 83.400579 (Mohaddipur Chauraha -> AIIMS Gorakhpur Transit Stop)",BUS_OBU_SYNCHRONIZED_GPS,2026-09-14 09:21:15,UPSRTC-UP53-8821,Immediate Asphalt Cold-Mix Patching (PWD),DISPATCHED,CLUST-035,98
INC-POT-241,POTHOLE / ROAD DEFECT,CRITICAL,0.78,612,612,26.736395,83.400579,Mohaddipur Chauraha -> AIIMS Gorakhpur Transit Stop,"26.736395, 83.400579 (Mohaddipur Chauraha -> AIIMS Gorakhpur Transit Stop)",BUS_OBU_SYNCHRONIZED_GPS,2026-09-14 09:21:15,UPSRTC-UP53-8821,Immediate Asphalt Cold-Mix Patching (PWD),DISPATCHED,CLUST-035,98
INC-POT-242,POTHOLE / ROAD DEFECT,CRITICAL,0.81,612,612,26.736395,83.400579,Mohaddipur Chauraha -> AIIMS Gorakhpur Transit Stop,"26.736395, 83.400579 (Mohaddipur Chauraha -> AIIMS Gorakhpur Transit Stop)",BUS_OBU_SYNCHRONIZED_GPS,2026-09-14 09:21:15,UPSRTC-UP53-8821,Immediate Asphalt Cold-Mix Patching (PWD),DISPATCHED,CLUST-035,98
INC-POT-243,POTHOLE / ROAD DEFECT,CRITICAL,0.77,621,621,26.735471,83.401659,Mohaddipur Chauraha -> AIIMS Gorakhpur Transit Stop,"26.735471, 83.401659 (Mohaddipur Chauraha -> AIIMS Gorakhpur Transit Stop)",BUS_OBU_SYNCHRONIZED_GPS,2026-09-14 09:21:16,UPSRTC-UP53-8821,Immediate Asphalt Cold-Mix Patching (PWD),DISPATCHED,CLUST-036,98
INC-POT-244,POTHOLE / ROAD DEFECT,CRITICAL,0.74,621,621,26.735471,83.401659,Mohaddipur Chauraha -> AIIMS Gorakhpur Transit Stop,"26.735471, 83.401659 (Mohaddipur Chauraha -> AIIMS Gorakhpur Transit Stop)",BUS_OBU_SYNCHRONIZED_GPS,2026-09-14 09:21:16,UPSRTC-UP53-8821,Immediate Asphalt Cold-Mix Patching (PWD),DISPATCHED,CLUST-036,98
INC-POT-245,POTHOLE / ROAD DEFECT,CRITICAL,0.76,621,621,26.735471,83.401659,Mohaddipur Chauraha -> AIIMS Gorakhpur Transit Stop,"26.735471, 83.401659 (Mohaddipur Chauraha -> AIIMS Gorakhpur Transit Stop)",BUS_OBU_SYNCHRONIZED_GPS,2026-09-14 09:21:16,UPSRTC-UP53-8821,Immediate Asphalt Cold-Mix Patching (PWD),DISPATCHED,CLUST-036,98
INC-POT-246,POTHOLE / ROAD DEFECT,CRITICAL,0.75,621,621,26.735471,83.401659,Mohaddipur Chauraha -> AIIMS Gorakhpur Transit Stop,"26.735471, 83.401659 (Mohaddipur Chauraha -> AIIMS Gorakhpur Transit Stop)",BUS_OBU_SYNCHRONIZED_GPS,2026-09-14 09:21:16,UPSRTC-UP53-8821,Immediate Asphalt Cold-Mix Patching (PWD),DISPATCHED,CLUST-036,98
INC-POT-247,POTHOLE / ROAD DEFECT,CRITICAL,0.75,630,630,26.734427,83.402881,Mohaddipur Chauraha -> AIIMS Gorakhpur Transit Stop,"26.734427, 83.402881 (Mohaddipur Chauraha -> AIIMS Gorakhpur Transit Stop)",BUS_OBU_SYNCHRONIZED_GPS,2026-09-14 09:21:16,UPSRTC-UP53-8821,Immediate Asphalt Cold-Mix Patching (PWD),DISPATCHED,CLUST-037,98
INC-POT-248,POTHOLE / ROAD DEFECT,CRITICAL,0.75,630,630,26.734427,83.402881,Mohaddipur Chauraha -> AIIMS Gorakhpur Transit Stop,"26.734427, 83.402881 (Mohaddipur Chauraha -> AIIMS Gorakhpur Transit Stop)",BUS_OBU_SYNCHRONIZED_GPS,2026-09-14 09:21:16,UPSRTC-UP53-8821,Immediate Asphalt Cold-Mix Patching (PWD),DISPATCHED,CLUST-037,98
INC-POT-249,POTHOLE / ROAD DEFECT,CRITICAL,0.74,630,630,26.734427,83.402881,Mohaddipur Chauraha -> AIIMS Gorakhpur Transit Stop,"26.734427, 83.402881 (Mohaddipur Chauraha -> AIIMS Gorakhpur Transit Stop)",BUS_OBU_SYNCHRONIZED_GPS,2026-09-14 09:21:16,UPSRTC-UP53-8821,Immediate Asphalt Cold-Mix Patching (PWD),DISPATCHED,CLUST-037,98
INC-POT-250,POTHOLE / ROAD DEFECT,CRITICAL,0.75,630,630,26.734427,83.402881,Mohaddipur Chauraha -> AIIMS Gorakhpur Transit Stop,"26.734427, 83.402881 (Mohaddipur Chauraha -> AIIMS Gorakhpur Transit Stop)",BUS_OBU_SYNCHRONIZED_GPS,2026-09-14 09:21:16,UPSRTC-UP53-8821,Immediate Asphalt Cold-Mix Patching (PWD),DISPATCHED,CLUST-037,98
INC-POT-251,POTHOLE / ROAD DEFECT,CRITICAL,0.89,639,639,26.733285,83.404216,Mohaddipur Chauraha -> AIIMS Gorakhpur Transit Stop,"26.733285, 83.404216 (Mohaddipur Chauraha -> AIIMS Gorakhpur Transit Stop)",BUS_OBU_SYNCHRONIZED_GPS,2026-09-14 09:21:17,UPSRTC-UP53-8821,Immediate Asphalt Cold-Mix Patching (PWD),DISPATCHED,CLUST-038,90
INC-POT-252,POTHOLE / ROAD DEFECT,HIGH,0.75,639,639,26.733285,83.404216,Mohaddipur Chauraha -> AIIMS Gorakhpur Transit Stop,"26.733285, 83.404216 (Mohaddipur Chauraha -> AIIMS Gorakhpur Transit Stop)",BUS_OBU_SYNCHRONIZED_GPS,2026-09-14 09:21:17,UPSRTC-UP53-8821,Immediate Asphalt Cold-Mix Patching (PWD),DISPATCHED,CLUST-038,70
INC-POT-253,POTHOLE / ROAD DEFECT,HIGH,0.77,639,639,26.733285,83.404216,Mohaddipur Chauraha -> AIIMS Gorakhpur Transit Stop,"26.733285, 83.404216 (Mohaddipur Chauraha -> AIIMS Gorakhpur Transit Stop)",BUS_OBU_SYNCHRONIZED_GPS,2026-09-14 09:21:17,UPSRTC-UP53-8821,Immediate Asphalt Cold-Mix Patching (PWD),DISPATCHED,CLUST-038,70
INC-POT-254,POTHOLE / ROAD DEFECT,HIGH,0.74,639,639,26.733285,83.404216,Mohaddipur Chauraha -> AIIMS Gorakhpur Transit Stop,"26.733285, 83.404216 (Mohaddipur Chauraha -> AIIMS Gorakhpur Transit Stop)",BUS_OBU_SYNCHRONIZED_GPS,2026-09-14 09:21:17,UPSRTC-UP53-8821,Immediate Asphalt Cold-Mix Patching (PWD),DISPATCHED,CLUST-038,70
INC-POT-255,POTHOLE / ROAD DEFECT,CRITICAL,0.74,648,648,26.732071,83.405636,Mohaddipur Chauraha -> AIIMS Gorakhpur Transit Stop,"26.732071, 83.405636 (Mohaddipur Chauraha -> AIIMS Gorakhpur Transit Stop)",BUS_OBU_SYNCHRONIZED_GPS,2026-09-14 09:21:17,UPSRTC-UP53-8821,Immediate Asphalt Cold-Mix Patching (PWD),DISPATCHED,CLUST-039,98
INC-POT-256,POTHOLE / ROAD DEFECT,CRITICAL,0.74,648,648,26.732071,83.405636,Mohaddipur Chauraha -> AIIMS Gorakhpur Transit Stop,"26.732071, 83.405636 (Mohaddipur Chauraha -> AIIMS Gorakhpur Transit Stop)",BUS_OBU_SYNCHRONIZED_GPS,2026-09-14 09:21:17,UPSRTC-UP53-8821,Immediate Asphalt Cold-Mix Patching (PWD),DISPATCHED,CLUST-039,98
INC-POT-257,POTHOLE / ROAD DEFECT,CRITICAL,0.74,657,657,26.730812,83.407109,Mohaddipur Chauraha -> AIIMS Gorakhpur Transit Stop,"26.730812, 83.407109 (Mohaddipur Chauraha -> AIIMS Gorakhpur Transit Stop)",BUS_OBU_SYNCHRONIZED_GPS,2026-09-14 09:21:17,UPSRTC-UP53-8821,Immediate Asphalt Cold-Mix Patching (PWD),DISPATCHED,CLUST-040,98
INC-POT-258,POTHOLE / ROAD DEFECT,CRITICAL,0.75,657,657,26.730812,83.407109,Mohaddipur Chauraha -> AIIMS Gorakhpur Transit Stop,"26.730812, 83.407109 (Mohaddipur Chauraha -> AIIMS Gorakhpur Transit Stop)",BUS_OBU_SYNCHRONIZED_GPS,2026-09-14 09:21:17,UPSRTC-UP53-8821,Immediate Asphalt Cold-Mix Patching (PWD),DISPATCHED,CLUST-040,98
INC-POT-259,POTHOLE / ROAD DEFECT,CRITICAL,0.82,666,666,26.729536,83.408601,Mohaddipur Chauraha -> AIIMS Gorakhpur Transit Stop,"26.729536, 83.408601 (Mohaddipur Chauraha -> AIIMS Gorakhpur Transit Stop)",BUS_OBU_SYNCHRONIZED_GPS,2026-09-14 09:21:18,UPSRTC-UP53-8821,Immediate Asphalt Cold-Mix Patching (PWD),DISPATCHED,CLUST-041,98
INC-POT-260,POTHOLE / ROAD DEFECT,CRITICAL,0.74,666,666,26.729536,83.408601,Mohaddipur Chauraha -> AIIMS Gorakhpur Transit Stop,"26.729536, 83.408601 (Mohaddipur Chauraha -> AIIMS Gorakhpur Transit Stop)",BUS_OBU_SYNCHRONIZED_GPS,2026-09-14 09:21:18,UPSRTC-UP53-8821,Immediate Asphalt Cold-Mix Patching (PWD),DISPATCHED,CLUST-041,98
INC-POT-261,POTHOLE / ROAD DEFECT,CRITICAL,0.74,666,666,26.729536,83.408601,Mohaddipur Chauraha -> AIIMS Gorakhpur Transit Stop,"26.729536, 83.408601 (Mohaddipur Chauraha -> AIIMS Gorakhpur Transit Stop)",BUS_OBU_SYNCHRONIZED_GPS,2026-09-14 09:21:18,UPSRTC-UP53-8821,Immediate Asphalt Cold-Mix Patching (PWD),DISPATCHED,CLUST-041,98
INC-POT-262,POTHOLE / ROAD DEFECT,CRITICAL,0.74,666,666,26.729536,83.408601,Mohaddipur Chauraha -> AIIMS Gorakhpur Transit Stop,"26.729536, 83.408601 (Mohaddipur Chauraha -> AIIMS Gorakhpur Transit Stop)",BUS_OBU_SYNCHRONIZED_GPS,2026-09-14 09:21:18,UPSRTC-UP53-8821,Immediate Asphalt Cold-Mix Patching (PWD),DISPATCHED,CLUST-041,98
INC-POT-263,POTHOLE / ROAD DEFECT,CRITICAL,0.79,675,675,26.728271,83.41008,Mohaddipur Chauraha -> AIIMS Gorakhpur Transit Stop,"26.728271, 83.410080 (Mohaddipur Chauraha -> AIIMS Gorakhpur Transit Stop)",BUS_OBU_SYNCHRONIZED_GPS,2026-09-14 09:21:18,UPSRTC-UP53-8821,Immediate Asphalt Cold-Mix Patching (PWD),DISPATCHED,CLUST-042,98
INC-POT-264,POTHOLE / ROAD DEFECT,CRITICAL,0.77,675,675,26.728271,83.41008,Mohaddipur Chauraha -> AIIMS Gorakhpur Transit Stop,"26.728271, 83.410080 (Mohaddipur Chauraha -> AIIMS Gorakhpur Transit Stop)",BUS_OBU_SYNCHRONIZED_GPS,2026-09-14 09:21:18,UPSRTC-UP53-8821,Immediate Asphalt Cold-Mix Patching (PWD),DISPATCHED,CLUST-042,98
INC-POT-265,POTHOLE / ROAD DEFECT,CRITICAL,0.77,675,675,26.728271,83.41008,Mohaddipur Chauraha -> AIIMS Gorakhpur Transit Stop,"26.728271, 83.410080 (Mohaddipur Chauraha -> AIIMS Gorakhpur Transit Stop)",BUS_OBU_SYNCHRONIZED_GPS,2026-09-14 09:21:18,UPSRTC-UP53-8821,Immediate Asphalt Cold-Mix Patching (PWD),DISPATCHED,CLUST-042,98
INC-POT-266,POTHOLE / ROAD DEFECT,CRITICAL,0.77,675,675,26.728271,83.41008,Mohaddipur Chauraha -> AIIMS Gorakhpur Transit Stop,"26.728271, 83.410080 (Mohaddipur Chauraha -> AIIMS Gorakhpur Transit Stop)",BUS_OBU_SYNCHRONIZED_GPS,2026-09-14 09:21:18,UPSRTC-UP53-8821,Immediate Asphalt Cold-Mix Patching (PWD),DISPATCHED,CLUST-042,98
INC-POT-267,POTHOLE / ROAD DEFECT,CRITICAL,0.74,684,684,26.727046,83.411513,Mohaddipur Chauraha -> AIIMS Gorakhpur Transit Stop,"26.727046, 83.411513 (Mohaddipur Chauraha -> AIIMS Gorakhpur Transit Stop)",BUS_OBU_SYNCHRONIZED_GPS,2026-09-14 09:21:19,UPSRTC-UP53-8821,Immediate Asphalt Cold-Mix Patching (PWD),DISPATCHED,CLUST-043,98
INC-POT-268,POTHOLE / ROAD DEFECT,CRITICAL,0.79,684,684,26.727046,83.411513,Mohaddipur Chauraha -> AIIMS Gorakhpur Transit Stop,"26.727046, 83.411513 (Mohaddipur Chauraha -> AIIMS Gorakhpur Transit Stop)",BUS_OBU_SYNCHRONIZED_GPS,2026-09-14 09:21:19,UPSRTC-UP53-8821,Immediate Asphalt Cold-Mix Patching (PWD),DISPATCHED,CLUST-043,98
INC-POT-269,POTHOLE / ROAD DEFECT,CRITICAL,0.77,684,684,26.727046,83.411513,Mohaddipur Chauraha -> AIIMS Gorakhpur Transit Stop,"26.727046, 83.411513 (Mohaddipur Chauraha -> AIIMS Gorakhpur Transit Stop)",BUS_OBU_SYNCHRONIZED_GPS,2026-09-14 09:21:19,UPSRTC-UP53-8821,Immediate Asphalt Cold-Mix Patching (PWD),DISPATCHED,CLUST-043,98
INC-POT-270,POTHOLE / ROAD DEFECT,CRITICAL,0.74,684,684,26.727046,83.411513,Mohaddipur Chauraha -> AIIMS Gorakhpur Transit Stop,"26.727046, 83.411513 (Mohaddipur Chauraha -> AIIMS Gorakhpur Transit Stop)",BUS_OBU_SYNCHRONIZED_GPS,2026-09-14 09:21:19,UPSRTC-UP53-8821,Immediate Asphalt Cold-Mix Patching (PWD),DISPATCHED,CLUST-043,98
INC-POT-271,POTHOLE / ROAD DEFECT,CRITICAL,0.85,693,693,26.725888,83.412868,Mohaddipur Chauraha -> AIIMS Gorakhpur Transit Stop,"26.725888, 83.412868 (Mohaddipur Chauraha -> AIIMS Gorakhpur Transit Stop)",BUS_OBU_SYNCHRONIZED_GPS,2026-09-14 09:21:19,UPSRTC-UP53-8821,Immediate Asphalt Cold-Mix Patching (PWD),DISPATCHED,CLUST-044,98
INC-POT-272,POTHOLE / ROAD DEFECT,CRITICAL,0.79,693,693,26.725888,83.412868,Mohaddipur Chauraha -> AIIMS Gorakhpur Transit Stop,"26.725888, 83.412868 (Mohaddipur Chauraha -> AIIMS Gorakhpur Transit Stop)",BUS_OBU_SYNCHRONIZED_GPS,2026-09-14 09:21:19,UPSRTC-UP53-8821,Immediate Asphalt Cold-Mix Patching (PWD),DISPATCHED,CLUST-044,98
INC-POT-273,POTHOLE / ROAD DEFECT,CRITICAL,0.75,693,693,26.725888,83.412868,Mohaddipur Chauraha -> AIIMS Gorakhpur Transit Stop,"26.725888, 83.412868 (Mohaddipur Chauraha -> AIIMS Gorakhpur Transit Stop)",BUS_OBU_SYNCHRONIZED_GPS,2026-09-14 09:21:19,UPSRTC-UP53-8821,Immediate Asphalt Cold-Mix Patching (PWD),DISPATCHED,CLUST-044,98
INC-POT-274,POTHOLE / ROAD DEFECT,CRITICAL,0.75,693,693,26.725888,83.412868,Mohaddipur Chauraha -> AIIMS Gorakhpur Transit Stop,"26.725888, 83.412868 (Mohaddipur Chauraha -> AIIMS Gorakhpur Transit Stop)",BUS_OBU_SYNCHRONIZED_GPS,2026-09-14 09:21:19,UPSRTC-UP53-8821,Immediate Asphalt Cold-Mix Patching (PWD),DISPATCHED,CLUST-044,98
INC-POT-275,POTHOLE / ROAD DEFECT,CRITICAL,0.75,702,702,26.724823,83.414114,Mohaddipur Chauraha -> AIIMS Gorakhpur Transit Stop,"26.724823, 83.414114 (Mohaddipur Chauraha -> AIIMS Gorakhpur Transit Stop)",BUS_OBU_SYNCHRONIZED_GPS,2026-09-14 09:21:20,UPSRTC-UP53-8821,Immediate Asphalt Cold-Mix Patching (PWD),DISPATCHED,CLUST-045,98
INC-POT-276,POTHOLE / ROAD DEFECT,CRITICAL,0.74,702,702,26.724823,83.414114,Mohaddipur Chauraha -> AIIMS Gorakhpur Transit Stop,"26.724823, 83.414114 (Mohaddipur Chauraha -> AIIMS Gorakhpur Transit Stop)",BUS_OBU_SYNCHRONIZED_GPS,2026-09-14 09:21:20,UPSRTC-UP53-8821,Immediate Asphalt Cold-Mix Patching (PWD),DISPATCHED,CLUST-045,98
INC-POT-277,POTHOLE / ROAD DEFECT,CRITICAL,0.74,702,702,26.724823,83.414114,Mohaddipur Chauraha -> AIIMS Gorakhpur Transit Stop,"26.724823, 83.414114 (Mohaddipur Chauraha -> AIIMS Gorakhpur Transit Stop)",BUS_OBU_SYNCHRONIZED_GPS,2026-09-14 09:21:20,UPSRTC-UP53-8821,Immediate Asphalt Cold-Mix Patching (PWD),DISPATCHED,CLUST-045,98
INC-POT-278,POTHOLE / ROAD DEFECT,CRITICAL,0.76,702,702,26.724823,83.414114,Mohaddipur Chauraha -> AIIMS Gorakhpur Transit Stop,"26.724823, 83.414114 (Mohaddipur Chauraha -> AIIMS Gorakhpur Transit Stop)",BUS_OBU_SYNCHRONIZED_GPS,2026-09-14 09:21:20,UPSRTC-UP53-8821,Immediate Asphalt Cold-Mix Patching (PWD),DISPATCHED,CLUST-045,98
INC-POT-279,POTHOLE / ROAD DEFECT,CRITICAL,0.77,711,711,26.723874,83.415223,Mohaddipur Chauraha -> AIIMS Gorakhpur Transit Stop,"26.723874, 83.415223 (Mohaddipur Chauraha -> AIIMS Gorakhpur Transit Stop)",BUS_OBU_SYNCHRONIZED_GPS,2026-09-14 09:21:20,UPSRTC-UP53-8821,Immediate Asphalt Cold-Mix Patching (PWD),DISPATCHED,CLUST-046,98
INC-POT-280,POTHOLE / ROAD DEFECT,CRITICAL,0.89,711,711,26.723874,83.415223,Mohaddipur Chauraha -> AIIMS Gorakhpur Transit Stop,"26.723874, 83.415223 (Mohaddipur Chauraha -> AIIMS Gorakhpur Transit Stop)",BUS_OBU_SYNCHRONIZED_GPS,2026-09-14 09:21:20,UPSRTC-UP53-8821,Immediate Asphalt Cold-Mix Patching (PWD),DISPATCHED,CLUST-046,98
INC-POT-281,POTHOLE / ROAD DEFECT,CRITICAL,0.76,711,711,26.723874,83.415223,Mohaddipur Chauraha -> AIIMS Gorakhpur Transit Stop,"26.723874, 83.415223 (Mohaddipur Chauraha -> AIIMS Gorakhpur Transit Stop)",BUS_OBU_SYNCHRONIZED_GPS,2026-09-14 09:21:20,UPSRTC-UP53-8821,Immediate Asphalt Cold-Mix Patching (PWD),DISPATCHED,CLUST-046,98
INC-POT-282,POTHOLE / ROAD DEFECT,CRITICAL,0.74,711,711,26.723874,83.415223,Mohaddipur Chauraha -> AIIMS Gorakhpur Transit Stop,"26.723874, 83.415223 (Mohaddipur Chauraha -> AIIMS Gorakhpur Transit Stop)",BUS_OBU_SYNCHRONIZED_GPS,2026-09-14 09:21:20,UPSRTC-UP53-8821,Immediate Asphalt Cold-Mix Patching (PWD),DISPATCHED,CLUST-046,98
INC-POT-283,POTHOLE / ROAD DEFECT,CRITICAL,0.75,720,720,26.723063,83.416172,Mohaddipur Chauraha -> AIIMS Gorakhpur Transit Stop,"26.723063, 83.416172 (Mohaddipur Chauraha -> AIIMS Gorakhpur Transit Stop)",BUS_OBU_SYNCHRONIZED_GPS,2026-09-14 09:21:20,UPSRTC-UP53-8821,Immediate Asphalt Cold-Mix Patching (PWD),DISPATCHED,CLUST-047,98
INC-POT-284,POTHOLE / ROAD DEFECT,CRITICAL,0.76,720,720,26.723063,83.416172,Mohaddipur Chauraha -> AIIMS Gorakhpur Transit Stop,"26.723063, 83.416172 (Mohaddipur Chauraha -> AIIMS Gorakhpur Transit Stop)",BUS_OBU_SYNCHRONIZED_GPS,2026-09-14 09:21:20,UPSRTC-UP53-8821,Immediate Asphalt Cold-Mix Patching (PWD),DISPATCHED,CLUST-047,98
INC-POT-285,POTHOLE / ROAD DEFECT,CRITICAL,0.74,720,720,26.723063,83.416172,Mohaddipur Chauraha -> AIIMS Gorakhpur Transit Stop,"26.723063, 83.416172 (Mohaddipur Chauraha -> AIIMS Gorakhpur Transit Stop)",BUS_OBU_SYNCHRONIZED_GPS,2026-09-14 09:21:20,UPSRTC-UP53-8821,Immediate Asphalt Cold-Mix Patching (PWD),DISPATCHED,CLUST-047,98
INC-POT-286,POTHOLE / ROAD DEFECT,CRITICAL,0.74,720,720,26.723063,83.416172,Mohaddipur Chauraha -> AIIMS Gorakhpur Transit Stop,"26.723063, 83.416172 (Mohaddipur Chauraha -> AIIMS Gorakhpur Transit Stop)",BUS_OBU_SYNCHRONIZED_GPS,2026-09-14 09:21:20,UPSRTC-UP53-8821,Immediate Asphalt Cold-Mix Patching (PWD),DISPATCHED,CLUST-047,98
INC-POT-287,POTHOLE / ROAD DEFECT,CRITICAL,0.79,729,729,26.722407,83.416939,Mohaddipur Chauraha -> AIIMS Gorakhpur Transit Stop,"26.722407, 83.416939 (Mohaddipur Chauraha -> AIIMS Gorakhpur Transit Stop)",BUS_OBU_SYNCHRONIZED_GPS,2026-09-14 09:21:21,UPSRTC-UP53-8821,Immediate Asphalt Cold-Mix Patching (PWD),DISPATCHED,CLUST-048,98
INC-POT-288,POTHOLE / ROAD DEFECT,CRITICAL,0.74,729,729,26.722407,83.416939,Mohaddipur Chauraha -> AIIMS Gorakhpur Transit Stop,"26.722407, 83.416939 (Mohaddipur Chauraha -> AIIMS Gorakhpur Transit Stop)",BUS_OBU_SYNCHRONIZED_GPS,2026-09-14 09:21:21,UPSRTC-UP53-8821,Immediate Asphalt Cold-Mix Patching (PWD),DISPATCHED,CLUST-048,98
INC-POT-289,POTHOLE / ROAD DEFECT,CRITICAL,0.74,729,729,26.722407,83.416939,Mohaddipur Chauraha -> AIIMS Gorakhpur Transit Stop,"26.722407, 83.416939 (Mohaddipur Chauraha -> AIIMS Gorakhpur Transit Stop)",BUS_OBU_SYNCHRONIZED_GPS,2026-09-14 09:21:21,UPSRTC-UP53-8821,Immediate Asphalt Cold-Mix Patching (PWD),DISPATCHED,CLUST-048,98
INC-POT-290,POTHOLE / ROAD DEFECT,CRITICAL,0.74,729,729,26.722407,83.416939,Mohaddipur Chauraha -> AIIMS Gorakhpur Transit Stop,"26.722407, 83.416939 (Mohaddipur Chauraha -> AIIMS Gorakhpur Transit Stop)",BUS_OBU_SYNCHRONIZED_GPS,2026-09-14 09:21:21,UPSRTC-UP53-8821,Immediate Asphalt Cold-Mix Patching (PWD),DISPATCHED,CLUST-048,98
INC-POT-291,POTHOLE / ROAD DEFECT,CRITICAL,0.82,738,738,26.721922,83.417507,Mohaddipur Chauraha -> AIIMS Gorakhpur Transit Stop,"26.721922, 83.417507 (Mohaddipur Chauraha -> AIIMS Gorakhpur Transit Stop)",BUS_OBU_SYNCHRONIZED_GPS,2026-09-14 09:21:21,UPSRTC-UP53-8821,Immediate Asphalt Cold-Mix Patching (PWD),DISPATCHED,CLUST-048,98
INC-POT-292,POTHOLE / ROAD DEFECT,CRITICAL,0.75,738,738,26.721922,83.417507,Mohaddipur Chauraha -> AIIMS Gorakhpur Transit Stop,"26.721922, 83.417507 (Mohaddipur Chauraha -> AIIMS Gorakhpur Transit Stop)",BUS_OBU_SYNCHRONIZED_GPS,2026-09-14 09:21:21,UPSRTC-UP53-8821,Immediate Asphalt Cold-Mix Patching (PWD),DISPATCHED,CLUST-048,98
INC-POT-293,POTHOLE / ROAD DEFECT,CRITICAL,0.74,738,738,26.721922,83.417507,Mohaddipur Chauraha -> AIIMS Gorakhpur Transit Stop,"26.721922, 83.417507 (Mohaddipur Chauraha -> AIIMS Gorakhpur Transit Stop)",BUS_OBU_SYNCHRONIZED_GPS,2026-09-14 09:21:21,UPSRTC-UP53-8821,Immediate Asphalt Cold-Mix Patching (PWD),DISPATCHED,CLUST-048,98
INC-POT-294,POTHOLE / ROAD DEFECT,CRITICAL,0.74,738,738,26.721922,83.417507,Mohaddipur Chauraha -> AIIMS Gorakhpur Transit Stop,"26.721922, 83.417507 (Mohaddipur Chauraha -> AIIMS Gorakhpur Transit Stop)",BUS_OBU_SYNCHRONIZED_GPS,2026-09-14 09:21:21,UPSRTC-UP53-8821,Immediate Asphalt Cold-Mix Patching (PWD),DISPATCHED,CLUST-048,98
INC-POT-295,POTHOLE / ROAD DEFECT,CRITICAL,0.79,747,747,26.721618,83.417863,Mohaddipur Chauraha -> AIIMS Gorakhpur Transit Stop,"26.721618, 83.417863 (Mohaddipur Chauraha -> AIIMS Gorakhpur Transit Stop)",BUS_OBU_SYNCHRONIZED_GPS,2026-09-14 09:21:22,UPSRTC-UP53-8821,Immediate Asphalt Cold-Mix Patching (PWD),DISPATCHED,CLUST-049,98
INC-POT-296,POTHOLE / ROAD DEFECT,CRITICAL,0.74,747,747,26.721618,83.417863,Mohaddipur Chauraha -> AIIMS Gorakhpur Transit Stop,"26.721618, 83.417863 (Mohaddipur Chauraha -> AIIMS Gorakhpur Transit Stop)",BUS_OBU_SYNCHRONIZED_GPS,2026-09-14 09:21:22,UPSRTC-UP53-8821,Immediate Asphalt Cold-Mix Patching (PWD),DISPATCHED,CLUST-049,98
INC-POT-297,POTHOLE / ROAD DEFECT,CRITICAL,0.74,747,747,26.721618,83.417863,Mohaddipur Chauraha -> AIIMS Gorakhpur Transit Stop,"26.721618, 83.417863 (Mohaddipur Chauraha -> AIIMS Gorakhpur Transit Stop)",BUS_OBU_SYNCHRONIZED_GPS,2026-09-14 09:21:22,UPSRTC-UP53-8821,Immediate Asphalt Cold-Mix Patching (PWD),DISPATCHED,CLUST-049,98
INC-POT-298,POTHOLE / ROAD DEFECT,CRITICAL,0.74,747,747,26.721618,83.417863,Mohaddipur Chauraha -> AIIMS Gorakhpur Transit Stop,"26.721618, 83.417863 (Mohaddipur Chauraha -> AIIMS Gorakhpur Transit Stop)",BUS_OBU_SYNCHRONIZED_GPS,2026-09-14 09:21:22,UPSRTC-UP53-8821,Immediate Asphalt Cold-Mix Patching (PWD),DISPATCHED,CLUST-049,98
INC-POT-299,POTHOLE / ROAD DEFECT,CRITICAL,0.76,756,756,26.721501,83.417999,Mohaddipur Chauraha -> AIIMS Gorakhpur Transit Stop,"26.721501, 83.417999 (Mohaddipur Chauraha -> AIIMS Gorakhpur Transit Stop)",BUS_OBU_SYNCHRONIZED_GPS,2026-09-14 09:21:22,UPSRTC-UP53-8821,Immediate Asphalt Cold-Mix Patching (PWD),DISPATCHED,CLUST-049,98
INC-POT-300,POTHOLE / ROAD DEFECT,CRITICAL,0.75,756,756,26.721501,83.417999,Mohaddipur Chauraha -> AIIMS Gorakhpur Transit Stop,"26.721501, 83.417999 (Mohaddipur Chauraha -> AIIMS Gorakhpur Transit Stop)",BUS_OBU_SYNCHRONIZED_GPS,2026-09-14 09:21:22,UPSRTC-UP53-8821,Immediate Asphalt Cold-Mix Patching (PWD),DISPATCHED,CLUST-049,98
INC-POT-301,POTHOLE / ROAD DEFECT,CRITICAL,0.77,756,756,26.721501,83.417999,Mohaddipur Chauraha -> AIIMS Gorakhpur Transit Stop,"26.721501, 83.417999 (Mohaddipur Chauraha -> AIIMS Gorakhpur Transit Stop)",BUS_OBU_SYNCHRONIZED_GPS,2026-09-14 09:21:22,UPSRTC-UP53-8821,Immediate Asphalt Cold-Mix Patching (PWD),DISPATCHED,CLUST-049,98
INC-POT-302,POTHOLE / ROAD DEFECT,CRITICAL,0.75,756,756,26.721501,83.417999,Mohaddipur Chauraha -> AIIMS Gorakhpur Transit Stop,"26.721501, 83.417999 (Mohaddipur Chauraha -> AIIMS Gorakhpur Transit Stop)",BUS_OBU_SYNCHRONIZED_GPS,2026-09-14 09:21:22,UPSRTC-UP53-8821,Immediate Asphalt Cold-Mix Patching (PWD),DISPATCHED,CLUST-049,98
INC-WAT-303,WATERLOGGING HAZARD,CRITICAL,0.05,18,18,26.758649,83.369817,Gorakhpur Railway Station -> Golghar Commercial Center,"26.758649, 83.369817 (Gorakhpur Railway Station -> Golghar Commercial Center)",BUS_OBU_SYNCHRONIZED_GPS,2026-09-14 09:20:43,UPSRTC-UP53-8821,Stormwater Drain Clearance & Suction Pump Dispatch,ACTION_REQUIRED,CLUST-001,98
INC-WAT-304,WATERLOGGING HAZARD,CRITICAL,0.06,27,27,26.758464,83.369962,Gorakhpur Railway Station -> Golghar Commercial Center,"26.758464, 83.369962 (Gorakhpur Railway Station -> Golghar Commercial Center)",BUS_OBU_SYNCHRONIZED_GPS,2026-09-14 09:20:44,UPSRTC-UP53-8821,Stormwater Drain Clearance & Suction Pump Dispatch,ACTION_REQUIRED,CLUST-002,98
INC-WAT-305,WATERLOGGING HAZARD,CRITICAL,0.08,162,162,26.752342,83.374733,Gorakhpur Railway Station -> Golghar Commercial Center,"26.752342, 83.374733 (Gorakhpur Railway Station -> Golghar Commercial Center)",BUS_OBU_SYNCHRONIZED_GPS,2026-09-14 09:20:52,UPSRTC-UP53-8821,Stormwater Drain Clearance & Suction Pump Dispatch,ACTION_REQUIRED,CLUST-009,98
INC-WAT-306,WATERLOGGING HAZARD,CRITICAL,0.1,450,450,26.742998,83.389753,Civil Lines / Commissioner Office -> Mohaddipur Chauraha,"26.742998, 83.389753 (Civil Lines / Commissioner Office -> Mohaddipur Chauraha)",BUS_OBU_SYNCHRONIZED_GPS,2026-09-14 09:21:07,UPSRTC-UP53-8821,Stormwater Drain Clearance & Suction Pump Dispatch,ACTION_REQUIRED,CLUST-025,98
INC-WAT-307,WATERLOGGING HAZARD,CRITICAL,0.11,459,459,26.742543,83.390606,Civil Lines / Commissioner Office -> Mohaddipur Chauraha,"26.742543, 83.390606 (Civil Lines / Commissioner Office -> Mohaddipur Chauraha)",BUS_OBU_SYNCHRONIZED_GPS,2026-09-14 09:21:08,UPSRTC-UP53-8821,Stormwater Drain Clearance & Suction Pump Dispatch,ACTION_REQUIRED,CLUST-026,98
INC-WAT-308,WATERLOGGING HAZARD,CRITICAL,0.09,468,468,26.742072,83.39149,Civil Lines / Commissioner Office -> Mohaddipur Chauraha,"26.742072, 83.391490 (Civil Lines / Commissioner Office -> Mohaddipur Chauraha)",BUS_OBU_SYNCHRONIZED_GPS,2026-09-14 09:21:08,UPSRTC-UP53-8821,Stormwater Drain Clearance & Suction Pump Dispatch,ACTION_REQUIRED,CLUST-027,98
INC-WAT-309,WATERLOGGING HAZARD,CRITICAL,0.06,477,477,26.741594,83.392386,Civil Lines / Commissioner Office -> Mohaddipur Chauraha,"26.741594, 83.392386 (Civil Lines / Commissioner Office -> Mohaddipur Chauraha)",BUS_OBU_SYNCHRONIZED_GPS,2026-09-14 09:21:09,UPSRTC-UP53-8821,Stormwater Drain Clearance & Suction Pump Dispatch,ACTION_REQUIRED,CLUST-028,98
INC-WAT-310,WATERLOGGING HAZARD,CRITICAL,0.06,513,513,26.739833,83.395688,Civil Lines / Commissioner Office -> Mohaddipur Chauraha,"26.739833, 83.395688 (Civil Lines / Commissioner Office -> Mohaddipur Chauraha)",BUS_OBU_SYNCHRONIZED_GPS,2026-09-14 09:21:10,UPSRTC-UP53-8821,Stormwater Drain Clearance & Suction Pump Dispatch,ACTION_REQUIRED,CLUST-030,98
INC-WAT-311,WATERLOGGING HAZARD,CRITICAL,0.09,522,522,26.739479,83.396351,Civil Lines / Commissioner Office -> Mohaddipur Chauraha,"26.739479, 83.396351 (Civil Lines / Commissioner Office -> Mohaddipur Chauraha)",BUS_OBU_SYNCHRONIZED_GPS,2026-09-14 09:21:11,UPSRTC-UP53-8821,Stormwater Drain Clearance & Suction Pump Dispatch,ACTION_REQUIRED,CLUST-031,98
INC-WAT-312,WATERLOGGING HAZARD,CRITICAL,0.07,531,531,26.739177,83.396918,Civil Lines / Commissioner Office -> Mohaddipur Chauraha,"26.739177, 83.396918 (Civil Lines / Commissioner Office -> Mohaddipur Chauraha)",BUS_OBU_SYNCHRONIZED_GPS,2026-09-14 09:21:11,UPSRTC-UP53-8821,Stormwater Drain Clearance & Suction Pump Dispatch,ACTION_REQUIRED,CLUST-031,98
INC-WAT-313,WATERLOGGING HAZARD,CRITICAL,0.12,540,540,26.738934,83.397375,Civil Lines / Commissioner Office -> Mohaddipur Chauraha,"26.738934, 83.397375 (Civil Lines / Commissioner Office -> Mohaddipur Chauraha)",BUS_OBU_SYNCHRONIZED_GPS,2026-09-14 09:21:12,UPSRTC-UP53-8821,Stormwater Drain Clearance & Suction Pump Dispatch,ACTION_REQUIRED,CLUST-032,98
INC-WAT-314,WATERLOGGING HAZARD,CRITICAL,0.13,549,549,26.738754,83.397712,Civil Lines / Commissioner Office -> Mohaddipur Chauraha,"26.738754, 83.397712 (Civil Lines / Commissioner Office -> Mohaddipur Chauraha)",BUS_OBU_SYNCHRONIZED_GPS,2026-09-14 09:21:12,UPSRTC-UP53-8821,Stormwater Drain Clearance & Suction Pump Dispatch,ACTION_REQUIRED,CLUST-032,98
INC-WAT-315,WATERLOGGING HAZARD,CRITICAL,0.05,648,648,26.732071,83.405636,Mohaddipur Chauraha -> AIIMS Gorakhpur Transit Stop,"26.732071, 83.405636 (Mohaddipur Chauraha -> AIIMS Gorakhpur Transit Stop)",BUS_OBU_SYNCHRONIZED_GPS,2026-09-14 09:21:17,UPSRTC-UP53-8821,Stormwater Drain Clearance & Suction Pump Dispatch,ACTION_REQUIRED,CLUST-039,98
INC-WAT-316,WATERLOGGING HAZARD,CRITICAL,0.07,657,657,26.730812,83.407109,Mohaddipur Chauraha -> AIIMS Gorakhpur Transit Stop,"26.730812, 83.407109 (Mohaddipur Chauraha -> AIIMS Gorakhpur Transit Stop)",BUS_OBU_SYNCHRONIZED_GPS,2026-09-14 09:21:17,UPSRTC-UP53-8821,Stormwater Drain Clearance & Suction Pump Dispatch,ACTION_REQUIRED,CLUST-040,98
INC-WAT-317,WATERLOGGING HAZARD,CRITICAL,0.07,666,666,26.729536,83.408601,Mohaddipur Chauraha -> AIIMS Gorakhpur Transit Stop,"26.729536, 83.408601 (Mohaddipur Chauraha -> AIIMS Gorakhpur Transit Stop)",BUS_OBU_SYNCHRONIZED_GPS,2026-09-14 09:21:18,UPSRTC-UP53-8821,Stormwater Drain Clearance & Suction Pump Dispatch,ACTION_REQUIRED,CLUST-041,98
INC-WAT-318,WATERLOGGING HAZARD,CRITICAL,0.06,675,675,26.728271,83.41008,Mohaddipur Chauraha -> AIIMS Gorakhpur Transit Stop,"26.728271, 83.410080 (Mohaddipur Chauraha -> AIIMS Gorakhpur Transit Stop)",BUS_OBU_SYNCHRONIZED_GPS,2026-09-14 09:21:18,UPSRTC-UP53-8821,Stormwater Drain Clearance & Suction Pump Dispatch,ACTION_REQUIRED,CLUST-042,98
INC-INFRA-319,FADED / MISSING ZEBRA CROSSING,CRITICAL,0.88,9,9,26.758762,83.36973,Gorakhpur Railway Station -> Golghar Commercial Center,"26.758762, 83.369730 (Gorakhpur Railway Station -> Golghar Commercial Center)",BUS_OBU_SYNCHRONIZED_GPS,2026-09-14 09:20:42,UPSRTC-UP53-8821,Urgent Thermoplastic Paint Repainting Required (PWD),WORK_ORDER_GENERATED,CLUST-001,98
INC-INFRA-320,FADED / MISSING ZEBRA CROSSING,CRITICAL,0.88,18,18,26.758649,83.369817,Gorakhpur Railway Station -> Golghar Commercial Center,"26.758649, 83.369817 (Gorakhpur Railway Station -> Golghar Commercial Center)",BUS_OBU_SYNCHRONIZED_GPS,2026-09-14 09:20:43,UPSRTC-UP53-8821,Urgent Thermoplastic Paint Repainting Required (PWD),WORK_ORDER_GENERATED,CLUST-001,98
INC-INFRA-321,FADED / MISSING ZEBRA CROSSING,CRITICAL,0.88,27,27,26.758464,83.369962,Gorakhpur Railway Station -> Golghar Commercial Center,"26.758464, 83.369962 (Gorakhpur Railway Station -> Golghar Commercial Center)",BUS_OBU_SYNCHRONIZED_GPS,2026-09-14 09:20:44,UPSRTC-UP53-8821,Urgent Thermoplastic Paint Repainting Required (PWD),WORK_ORDER_GENERATED,CLUST-002,98
INC-INFRA-322,FADED / MISSING ZEBRA CROSSING,CRITICAL,0.88,36,36,26.758211,83.370159,Gorakhpur Railway Station -> Golghar Commercial Center,"26.758211, 83.370159 (Gorakhpur Railway Station -> Golghar Commercial Center)",BUS_OBU_SYNCHRONIZED_GPS,2026-09-14 09:20:44,UPSRTC-UP53-8821,Urgent Thermoplastic Paint Repainting Required (PWD),WORK_ORDER_GENERATED,CLUST-002,98
INC-INFRA-323,FADED / MISSING ZEBRA CROSSING,CRITICAL,0.88,45,45,26.757895,83.370406,Gorakhpur Railway Station -> Golghar Commercial Center,"26.757895, 83.370406 (Gorakhpur Railway Station -> Golghar Commercial Center)",BUS_OBU_SYNCHRONIZED_GPS,2026-09-14 09:20:45,UPSRTC-UP53-8821,Urgent Thermoplastic Paint Repainting Required (PWD),WORK_ORDER_GENERATED,CLUST-002,98
INC-INFRA-324,FADED / MISSING ZEBRA CROSSING,CRITICAL,0.88,54,54,26.757523,83.370695,Gorakhpur Railway Station -> Golghar Commercial Center,"26.757523, 83.370695 (Gorakhpur Railway Station -> Golghar Commercial Center)",BUS_OBU_SYNCHRONIZED_GPS,2026-09-14 09:20:45,UPSRTC-UP53-8821,Urgent Thermoplastic Paint Repainting Required (PWD),WORK_ORDER_GENERATED,CLUST-003,98
INC-INFRA-325,FADED / MISSING ZEBRA CROSSING,CRITICAL,0.88,63,63,26.757104,83.371022,Gorakhpur Railway Station -> Golghar Commercial Center,"26.757104, 83.371022 (Gorakhpur Railway Station -> Golghar Commercial Center)",BUS_OBU_SYNCHRONIZED_GPS,2026-09-14 09:20:46,UPSRTC-UP53-8821,Urgent Thermoplastic Paint Repainting Required (PWD),WORK_ORDER_GENERATED,CLUST-003,98
INC-INFRA-326,FADED / MISSING ZEBRA CROSSING,CRITICAL,0.88,72,72,26.756647,83.371378,Gorakhpur Railway Station -> Golghar Commercial Center,"26.756647, 83.371378 (Gorakhpur Railway Station -> Golghar Commercial Center)",BUS_OBU_SYNCHRONIZED_GPS,2026-09-14 09:20:46,UPSRTC-UP53-8821,Urgent Thermoplastic Paint Repainting Required (PWD),WORK_ORDER_GENERATED,CLUST-004,98
INC-INFRA-327,FADED / MISSING ZEBRA CROSSING,CRITICAL,0.88,81,81,26.756162,83.371756,Gorakhpur Railway Station -> Golghar Commercial Center,"26.756162, 83.371756 (Gorakhpur Railway Station -> Golghar Commercial Center)",BUS_OBU_SYNCHRONIZED_GPS,2026-09-14 09:20:47,UPSRTC-UP53-8821,Urgent Thermoplastic Paint Repainting Required (PWD),WORK_ORDER_GENERATED,CLUST-004,98
INC-INFRA-328,FADED / MISSING ZEBRA CROSSING,CRITICAL,0.88,117,117,26.754166,83.373312,Gorakhpur Railway Station -> Golghar Commercial Center,"26.754166, 83.373312 (Gorakhpur Railway Station -> Golghar Commercial Center)",BUS_OBU_SYNCHRONIZED_GPS,2026-09-14 09:20:49,UPSRTC-UP53-8821,Urgent Thermoplastic Paint Repainting Required (PWD),WORK_ORDER_GENERATED,CLUST-006,98
INC-INFRA-329,FADED / MISSING ZEBRA CROSSING,CRITICAL,0.88,126,126,26.753708,83.373669,Gorakhpur Railway Station -> Golghar Commercial Center,"26.753708, 83.373669 (Gorakhpur Railway Station -> Golghar Commercial Center)",BUS_OBU_SYNCHRONIZED_GPS,2026-09-14 09:20:50,UPSRTC-UP53-8821,Urgent Thermoplastic Paint Repainting Required (PWD),WORK_ORDER_GENERATED,CLUST-007,98
INC-INFRA-330,FADED / MISSING ZEBRA CROSSING,CRITICAL,0.88,135,135,26.753288,83.373996,Gorakhpur Railway Station -> Golghar Commercial Center,"26.753288, 83.373996 (Gorakhpur Railway Station -> Golghar Commercial Center)",BUS_OBU_SYNCHRONIZED_GPS,2026-09-14 09:20:50,UPSRTC-UP53-8821,Urgent Thermoplastic Paint Repainting Required (PWD),WORK_ORDER_GENERATED,CLUST-007,98
INC-INFRA-331,FADED / MISSING ZEBRA CROSSING,CRITICAL,0.88,144,144,26.752915,83.374287,Gorakhpur Railway Station -> Golghar Commercial Center,"26.752915, 83.374287 (Gorakhpur Railway Station -> Golghar Commercial Center)",BUS_OBU_SYNCHRONIZED_GPS,2026-09-14 09:20:51,UPSRTC-UP53-8821,Urgent Thermoplastic Paint Repainting Required (PWD),WORK_ORDER_GENERATED,CLUST-008,98
INC-INFRA-332,FADED / MISSING ZEBRA CROSSING,CRITICAL,0.88,153,153,26.752597,83.374535,Gorakhpur Railway Station -> Golghar Commercial Center,"26.752597, 83.374535 (Gorakhpur Railway Station -> Golghar Commercial Center)",BUS_OBU_SYNCHRONIZED_GPS,2026-09-14 09:20:51,UPSRTC-UP53-8821,Urgent Thermoplastic Paint Repainting Required (PWD),WORK_ORDER_GENERATED,CLUST-008,98
INC-INFRA-333,FADED / MISSING ZEBRA CROSSING,CRITICAL,0.88,162,162,26.752342,83.374733,Gorakhpur Railway Station -> Golghar Commercial Center,"26.752342, 83.374733 (Gorakhpur Railway Station -> Golghar Commercial Center)",BUS_OBU_SYNCHRONIZED_GPS,2026-09-14 09:20:52,UPSRTC-UP53-8821,Urgent Thermoplastic Paint Repainting Required (PWD),WORK_ORDER_GENERATED,CLUST-009,98
INC-INFRA-334,FADED / MISSING ZEBRA CROSSING,CRITICAL,0.88,189,189,26.752,83.375,Gorakhpur Railway Station -> Golghar Commercial Center,"26.752000, 83.375000 (Gorakhpur Railway Station -> Golghar Commercial Center)",BUS_OBU_SYNCHRONIZED_GPS,2026-09-14 09:20:53,UPSRTC-UP53-8821,Urgent Thermoplastic Paint Repainting Required (PWD),WORK_ORDER_GENERATED,CLUST-009,98
INC-INFRA-335,MISSING / DAMAGED ROAD DIVIDER,CRITICAL,0.88,225,225,26.751402,83.37594,Golghar Commercial Center -> Civil Lines / Commissioner Office,"26.751402, 83.375940 (Golghar Commercial Center -> Civil Lines / Commissioner Office)",BUS_OBU_SYNCHRONIZED_GPS,2026-09-14 09:20:55,UPSRTC-UP53-8821,Median Barrier & Cat-Eye Reflector Installation (NHAI),WORK_ORDER_GENERATED,CLUST-010,98
INC-INFRA-336,FADED / MISSING ZEBRA CROSSING,CRITICAL,0.88,270,270,26.749299,83.379244,Golghar Commercial Center -> Civil Lines / Commissioner Office,"26.749299, 83.379244 (Golghar Commercial Center -> Civil Lines / Commissioner Office)",BUS_OBU_SYNCHRONIZED_GPS,2026-09-14 09:20:58,UPSRTC-UP53-8821,Urgent Thermoplastic Paint Repainting Required (PWD),WORK_ORDER_GENERATED,CLUST-013,98
INC-INFRA-337,FADED / MISSING ZEBRA CROSSING,CRITICAL,0.88,279,279,26.748783,83.380055,Golghar Commercial Center -> Civil Lines / Commissioner Office,"26.748783, 83.380055 (Golghar Commercial Center -> Civil Lines / Commissioner Office)",BUS_OBU_SYNCHRONIZED_GPS,2026-09-14 09:20:58,UPSRTC-UP53-8821,Urgent Thermoplastic Paint Repainting Required (PWD),WORK_ORDER_GENERATED,CLUST-014,98
INC-INFRA-338,FADED / MISSING ZEBRA CROSSING,CRITICAL,0.88,288,288,26.748261,83.380876,Golghar Commercial Center -> Civil Lines / Commissioner Office,"26.748261, 83.380876 (Golghar Commercial Center -> Civil Lines / Commissioner Office)",BUS_OBU_SYNCHRONIZED_GPS,2026-09-14 09:20:59,UPSRTC-UP53-8821,Urgent Thermoplastic Paint Repainting Required (PWD),WORK_ORDER_GENERATED,CLUST-015,98
INC-INFRA-339,FADED / MISSING ZEBRA CROSSING,CRITICAL,0.88,297,297,26.747743,83.381689,Golghar Commercial Center -> Civil Lines / Commissioner Office,"26.747743, 83.381689 (Golghar Commercial Center -> Civil Lines / Commissioner Office)",BUS_OBU_SYNCHRONIZED_GPS,2026-09-14 09:20:59,UPSRTC-UP53-8821,Urgent Thermoplastic Paint Repainting Required (PWD),WORK_ORDER_GENERATED,CLUST-016,98
INC-INFRA-340,FADED / MISSING ZEBRA CROSSING,CRITICAL,0.88,306,306,26.747243,83.382475,Golghar Commercial Center -> Civil Lines / Commissioner Office,"26.747243, 83.382475 (Golghar Commercial Center -> Civil Lines / Commissioner Office)",BUS_OBU_SYNCHRONIZED_GPS,2026-09-14 09:21:00,UPSRTC-UP53-8821,Urgent Thermoplastic Paint Repainting Required (PWD),WORK_ORDER_GENERATED,CLUST-017,98
INC-INFRA-341,FADED / MISSING ZEBRA CROSSING,CRITICAL,0.88,315,315,26.746771,83.383217,Golghar Commercial Center -> Civil Lines / Commissioner Office,"26.746771, 83.383217 (Golghar Commercial Center -> Civil Lines / Commissioner Office)",BUS_OBU_SYNCHRONIZED_GPS,2026-09-14 09:21:00,UPSRTC-UP53-8821,Urgent Thermoplastic Paint Repainting Required (PWD),WORK_ORDER_GENERATED,CLUST-018,98
INC-INFRA-342,FADED / MISSING ZEBRA CROSSING,CRITICAL,0.88,324,324,26.746337,83.383899,Golghar Commercial Center -> Civil Lines / Commissioner Office,"26.746337, 83.383899 (Golghar Commercial Center -> Civil Lines / Commissioner Office)",BUS_OBU_SYNCHRONIZED_GPS,2026-09-14 09:21:00,UPSRTC-UP53-8821,Urgent Thermoplastic Paint Repainting Required (PWD),WORK_ORDER_GENERATED,CLUST-019,98
INC-INFRA-343,FADED / MISSING ZEBRA CROSSING,CRITICAL,0.88,333,333,26.745952,83.384504,Golghar Commercial Center -> Civil Lines / Commissioner Office,"26.745952, 83.384504 (Golghar Commercial Center -> Civil Lines / Commissioner Office)",BUS_OBU_SYNCHRONIZED_GPS,2026-09-14 09:21:01,UPSRTC-UP53-8821,Urgent Thermoplastic Paint Repainting Required (PWD),WORK_ORDER_GENERATED,CLUST-019,98
INC-INFRA-344,FADED / MISSING ZEBRA CROSSING,CRITICAL,0.88,387,387,26.744968,83.38606,Civil Lines / Commissioner Office -> Mohaddipur Chauraha,"26.744968, 83.386060 (Civil Lines / Commissioner Office -> Mohaddipur Chauraha)",BUS_OBU_SYNCHRONIZED_GPS,2026-09-14 09:21:04,UPSRTC-UP53-8821,Urgent Thermoplastic Paint Repainting Required (PWD),WORK_ORDER_GENERATED,CLUST-021,98
INC-INFRA-345,FADED / MISSING ZEBRA CROSSING,CRITICAL,0.88,396,396,26.744866,83.386251,Civil Lines / Commissioner Office -> Mohaddipur Chauraha,"26.744866, 83.386251 (Civil Lines / Commissioner Office -> Mohaddipur Chauraha)",BUS_OBU_SYNCHRONIZED_GPS,2026-09-14 09:21:04,UPSRTC-UP53-8821,Urgent Thermoplastic Paint Repainting Required (PWD),WORK_ORDER_GENERATED,CLUST-021,98
INC-INFRA-346,FADED / MISSING ZEBRA CROSSING,CRITICAL,0.88,405,405,26.744695,83.386571,Civil Lines / Commissioner Office -> Mohaddipur Chauraha,"26.744695, 83.386571 (Civil Lines / Commissioner Office -> Mohaddipur Chauraha)",BUS_OBU_SYNCHRONIZED_GPS,2026-09-14 09:21:05,UPSRTC-UP53-8821,Urgent Thermoplastic Paint Repainting Required (PWD),WORK_ORDER_GENERATED,CLUST-022,98
INC-INFRA-347,FADED / MISSING ZEBRA CROSSING,CRITICAL,0.88,414,414,26.74446,83.387012,Civil Lines / Commissioner Office -> Mohaddipur Chauraha,"26.744460, 83.387012 (Civil Lines / Commissioner Office -> Mohaddipur Chauraha)",BUS_OBU_SYNCHRONIZED_GPS,2026-09-14 09:21:05,UPSRTC-UP53-8821,Urgent Thermoplastic Paint Repainting Required (PWD),WORK_ORDER_GENERATED,CLUST-022,98
INC-INFRA-348,FADED / MISSING ZEBRA CROSSING,CRITICAL,0.88,423,423,26.744166,83.387564,Civil Lines / Commissioner Office -> Mohaddipur Chauraha,"26.744166, 83.387564 (Civil Lines / Commissioner Office -> Mohaddipur Chauraha)",BUS_OBU_SYNCHRONIZED_GPS,2026-09-14 09:21:06,UPSRTC-UP53-8821,Urgent Thermoplastic Paint Repainting Required (PWD),WORK_ORDER_GENERATED,CLUST-023,98
INC-INFRA-349,FADED / MISSING ZEBRA CROSSING,CRITICAL,0.88,432,432,26.743819,83.388215,Civil Lines / Commissioner Office -> Mohaddipur Chauraha,"26.743819, 83.388215 (Civil Lines / Commissioner Office -> Mohaddipur Chauraha)",BUS_OBU_SYNCHRONIZED_GPS,2026-09-14 09:21:06,UPSRTC-UP53-8821,Urgent Thermoplastic Paint Repainting Required (PWD),WORK_ORDER_GENERATED,CLUST-023,98
INC-INFRA-350,FADED / MISSING ZEBRA CROSSING,CRITICAL,0.88,441,441,26.743427,83.38895,Civil Lines / Commissioner Office -> Mohaddipur Chauraha,"26.743427, 83.388950 (Civil Lines / Commissioner Office -> Mohaddipur Chauraha)",BUS_OBU_SYNCHRONIZED_GPS,2026-09-14 09:21:07,UPSRTC-UP53-8821,Urgent Thermoplastic Paint Repainting Required (PWD),WORK_ORDER_GENERATED,CLUST-024,98
INC-INFRA-351,FADED / MISSING ZEBRA CROSSING,CRITICAL,0.88,450,450,26.742998,83.389753,Civil Lines / Commissioner Office -> Mohaddipur Chauraha,"26.742998, 83.389753 (Civil Lines / Commissioner Office -> Mohaddipur Chauraha)",BUS_OBU_SYNCHRONIZED_GPS,2026-09-14 09:21:07,UPSRTC-UP53-8821,Urgent Thermoplastic Paint Repainting Required (PWD),WORK_ORDER_GENERATED,CLUST-025,98
INC-INFRA-352,FADED / MISSING ZEBRA CROSSING,CRITICAL,0.88,459,459,26.742543,83.390606,Civil Lines / Commissioner Office -> Mohaddipur Chauraha,"26.742543, 83.390606 (Civil Lines / Commissioner Office -> Mohaddipur Chauraha)",BUS_OBU_SYNCHRONIZED_GPS,2026-09-14 09:21:08,UPSRTC-UP53-8821,Urgent Thermoplastic Paint Repainting Required (PWD),WORK_ORDER_GENERATED,CLUST-026,98
INC-INFRA-353,FADED / MISSING ZEBRA CROSSING,CRITICAL,0.88,468,468,26.742072,83.39149,Civil Lines / Commissioner Office -> Mohaddipur Chauraha,"26.742072, 83.391490 (Civil Lines / Commissioner Office -> Mohaddipur Chauraha)",BUS_OBU_SYNCHRONIZED_GPS,2026-09-14 09:21:08,UPSRTC-UP53-8821,Urgent Thermoplastic Paint Repainting Required (PWD),WORK_ORDER_GENERATED,CLUST-027,98
INC-INFRA-354,FADED / MISSING ZEBRA CROSSING,CRITICAL,0.88,477,477,26.741594,83.392386,Civil Lines / Commissioner Office -> Mohaddipur Chauraha,"26.741594, 83.392386 (Civil Lines / Commissioner Office -> Mohaddipur Chauraha)",BUS_OBU_SYNCHRONIZED_GPS,2026-09-14 09:21:09,UPSRTC-UP53-8821,Urgent Thermoplastic Paint Repainting Required (PWD),WORK_ORDER_GENERATED,CLUST-028,98
INC-INFRA-355,FADED / MISSING ZEBRA CROSSING,CRITICAL,0.88,603,603,26.737177,83.399664,Mohaddipur Chauraha -> AIIMS Gorakhpur Transit Stop,"26.737177, 83.399664 (Mohaddipur Chauraha -> AIIMS Gorakhpur Transit Stop)",BUS_OBU_SYNCHRONIZED_GPS,2026-09-14 09:21:15,UPSRTC-UP53-8821,Urgent Thermoplastic Paint Repainting Required (PWD),WORK_ORDER_GENERATED,CLUST-034,98
INC-INFRA-356,FADED / MISSING ZEBRA CROSSING,CRITICAL,0.88,612,612,26.736395,83.400579,Mohaddipur Chauraha -> AIIMS Gorakhpur Transit Stop,"26.736395, 83.400579 (Mohaddipur Chauraha -> AIIMS Gorakhpur Transit Stop)",BUS_OBU_SYNCHRONIZED_GPS,2026-09-14 09:21:15,UPSRTC-UP53-8821,Urgent Thermoplastic Paint Repainting Required (PWD),WORK_ORDER_GENERATED,CLUST-035,98
INC-INFRA-357,FADED / MISSING ZEBRA CROSSING,CRITICAL,0.88,621,621,26.735471,83.401659,Mohaddipur Chauraha -> AIIMS Gorakhpur Transit Stop,"26.735471, 83.401659 (Mohaddipur Chauraha -> AIIMS Gorakhpur Transit Stop)",BUS_OBU_SYNCHRONIZED_GPS,2026-09-14 09:21:16,UPSRTC-UP53-8821,Urgent Thermoplastic Paint Repainting Required (PWD),WORK_ORDER_GENERATED,CLUST-036,98
INC-INFRA-358,FADED / MISSING ZEBRA CROSSING,CRITICAL,0.88,657,657,26.730812,83.407109,Mohaddipur Chauraha -> AIIMS Gorakhpur Transit Stop,"26.730812, 83.407109 (Mohaddipur Chauraha -> AIIMS Gorakhpur Transit Stop)",BUS_OBU_SYNCHRONIZED_GPS,2026-09-14 09:21:17,UPSRTC-UP53-8821,Urgent Thermoplastic Paint Repainting Required (PWD),WORK_ORDER_GENERATED,CLUST-040,98
INC-INFRA-359,FADED / MISSING ZEBRA CROSSING,CRITICAL,0.88,666,666,26.729536,83.408601,Mohaddipur Chauraha -> AIIMS Gorakhpur Transit Stop,"26.729536, 83.408601 (Mohaddipur Chauraha -> AIIMS Gorakhpur Transit Stop)",BUS_OBU_SYNCHRONIZED_GPS,2026-09-14 09:21:18,UPSRTC-UP53-8821,Urgent Thermoplastic Paint Repainting Required (PWD),WORK_ORDER_GENERATED,CLUST-041,98
INC-INFRA-360,FADED / MISSING ZEBRA CROSSING,CRITICAL,0.88,675,675,26.728271,83.41008,Mohaddipur Chauraha -> AIIMS Gorakhpur Transit Stop,"26.728271, 83.410080 (Mohaddipur Chauraha -> AIIMS Gorakhpur Transit Stop)",BUS_OBU_SYNCHRONIZED_GPS,2026-09-14 09:21:18,UPSRTC-UP53-8821,Urgent Thermoplastic Paint Repainting Required (PWD),WORK_ORDER_GENERATED,CLUST-042,98
INC-INFRA-361,FADED / MISSING ZEBRA CROSSING,CRITICAL,0.88,684,684,26.727046,83.411513,Mohaddipur Chauraha -> AIIMS Gorakhpur Transit Stop,"26.727046, 83.411513 (Mohaddipur Chauraha -> AIIMS Gorakhpur Transit Stop)",BUS_OBU_SYNCHRONIZED_GPS,2026-09-14 09:21:19,UPSRTC-UP53-8821,Urgent Thermoplastic Paint Repainting Required (PWD),WORK_ORDER_GENERATED,CLUST-043,98
INC-INFRA-362,FADED / MISSING ZEBRA CROSSING,CRITICAL,0.88,693,693,26.725888,83.412868,Mohaddipur Chauraha -> AIIMS Gorakhpur Transit Stop,"26.725888, 83.412868 (Mohaddipur Chauraha -> AIIMS Gorakhpur Transit Stop)",BUS_OBU_SYNCHRONIZED_GPS,2026-09-14 09:21:19,UPSRTC-UP53-8821,Urgent Thermoplastic Paint Repainting Required (PWD),WORK_ORDER_GENERATED,CLUST-044,98
INC-INFRA-363,FADED / MISSING ZEBRA CROSSING,CRITICAL,0.88,702,702,26.724823,83.414114,Mohaddipur Chauraha -> AIIMS Gorakhpur Transit Stop,"26.724823, 83.414114 (Mohaddipur Chauraha -> AIIMS Gorakhpur Transit Stop)",BUS_OBU_SYNCHRONIZED_GPS,2026-09-14 09:21:20,UPSRTC-UP53-8821,Urgent Thermoplastic Paint Repainting Required (PWD),WORK_ORDER_GENERATED,CLUST-045,98
INC-INFRA-364,FADED / MISSING ZEBRA CROSSING,CRITICAL,0.88,711,711,26.723874,83.415223,Mohaddipur Chauraha -> AIIMS Gorakhpur Transit Stop,"26.723874, 83.415223 (Mohaddipur Chauraha -> AIIMS Gorakhpur Transit Stop)",BUS_OBU_SYNCHRONIZED_GPS,2026-09-14 09:21:20,UPSRTC-UP53-8821,Urgent Thermoplastic Paint Repainting Required (PWD),WORK_ORDER_GENERATED,CLUST-046,98
INC-INFRA-365,FADED / MISSING ZEBRA CROSSING,CRITICAL,0.88,720,720,26.723063,83.416172,Mohaddipur Chauraha -> AIIMS Gorakhpur Transit Stop,"26.723063, 83.416172 (Mohaddipur Chauraha -> AIIMS Gorakhpur Transit Stop)",BUS_OBU_SYNCHRONIZED_GPS,2026-09-14 09:21:20,UPSRTC-UP53-8821,Urgent Thermoplastic Paint Repainting Required (PWD),WORK_ORDER_GENERATED,CLUST-047,98
INC-INFRA-366,FADED / MISSING ZEBRA CROSSING,CRITICAL,0.88,729,729,26.722407,83.416939,Mohaddipur Chauraha -> AIIMS Gorakhpur Transit Stop,"26.722407, 83.416939 (Mohaddipur Chauraha -> AIIMS Gorakhpur Transit Stop)",BUS_OBU_SYNCHRONIZED_GPS,2026-09-14 09:21:21,UPSRTC-UP53-8821,Urgent Thermoplastic Paint Repainting Required (PWD),WORK_ORDER_GENERATED,CLUST-048,98
INC-INFRA-367,FADED / MISSING ZEBRA CROSSING,CRITICAL,0.88,738,738,26.721922,83.417507,Mohaddipur Chauraha -> AIIMS Gorakhpur Transit Stop,"26.721922, 83.417507 (Mohaddipur Chauraha -> AIIMS Gorakhpur Transit Stop)",BUS_OBU_SYNCHRONIZED_GPS,2026-09-14 09:21:21,UPSRTC-UP53-8821,Urgent Thermoplastic Paint Repainting Required (PWD),WORK_ORDER_GENERATED,CLUST-049,98
INC-INFRA-368,FADED / MISSING ZEBRA CROSSING,CRITICAL,0.88,747,747,26.721618,83.417863,Mohaddipur Chauraha -> AIIMS Gorakhpur Transit Stop,"26.721618, 83.417863 (Mohaddipur Chauraha -> AIIMS Gorakhpur Transit Stop)",BUS_OBU_SYNCHRONIZED_GPS,2026-09-14 09:21:22,UPSRTC-UP53-8821,Urgent Thermoplastic Paint Repainting Required (PWD),WORK_ORDER_GENERATED,CLUST-049,98
INC-INFRA-369,FADED / MISSING ZEBRA CROSSING,CRITICAL,0.88,756,756,26.721501,83.417999,Mohaddipur Chauraha -> AIIMS Gorakhpur Transit Stop,"26.721501, 83.417999 (Mohaddipur Chauraha -> AIIMS Gorakhpur Transit Stop)",BUS_OBU_SYNCHRONIZED_GPS,2026-09-14 09:21:22,UPSRTC-UP53-8821,Urgent Thermoplastic Paint Repainting Required (PWD),WORK_ORDER_GENERATED,CLUST-049,98
INC-SWB-370,SANITATION: OVERFLOWING ROADSIDE WASTE DUMPING,CRITICAL,0.91,18,18,26.758649,83.369817,Gorakhpur Railway Station -> Golghar Commercial Center,"26.758649, 83.369817 (Gorakhpur Railway Station -> Golghar Commercial Center)",BUS_OBU_SYNCHRONIZED_GPS,2026-09-14 09:20:43,UPSRTC-UP53-8821,Municipal Sanitation Crew & Swachh Bharat Compactor Dispatch,SANITATION_WORK_ORDER,CLUST-001,98
INC-SWB-371,SANITATION: COMMERCIAL LITTER ACCUMULATION,CRITICAL,0.91,36,36,26.758211,83.370159,Gorakhpur Railway Station -> Golghar Commercial Center,"26.758211, 83.370159 (Gorakhpur Railway Station -> Golghar Commercial Center)",BUS_OBU_SYNCHRONIZED_GPS,2026-09-14 09:20:44,UPSRTC-UP53-8821,Municipal Sanitation Crew & Swachh Bharat Compactor Dispatch,SANITATION_WORK_ORDER,CLUST-002,98
INC-SWB-372,SANITATION: COMMERCIAL LITTER ACCUMULATION,CRITICAL,0.91,54,54,26.757523,83.370695,Gorakhpur Railway Station -> Golghar Commercial Center,"26.757523, 83.370695 (Gorakhpur Railway Station -> Golghar Commercial Center)",BUS_OBU_SYNCHRONIZED_GPS,2026-09-14 09:20:45,UPSRTC-UP53-8821,Municipal Sanitation Crew & Swachh Bharat Compactor Dispatch,SANITATION_WORK_ORDER,CLUST-003,98
INC-SWB-373,SANITATION: OVERFLOWING ROADSIDE WASTE DUMPING,CRITICAL,0.91,72,72,26.756647,83.371378,Gorakhpur Railway Station -> Golghar Commercial Center,"26.756647, 83.371378 (Gorakhpur Railway Station -> Golghar Commercial Center)",BUS_OBU_SYNCHRONIZED_GPS,2026-09-14 09:20:46,UPSRTC-UP53-8821,Municipal Sanitation Crew & Swachh Bharat Compactor Dispatch,SANITATION_WORK_ORDER,CLUST-004,98
INC-SWB-374,SANITATION: OVERFLOWING ROADSIDE WASTE DUMPING,CRITICAL,0.91,90,90,26.755661,83.372147,Gorakhpur Railway Station -> Golghar Commercial Center,"26.755661, 83.372147 (Gorakhpur Railway Station -> Golghar Commercial Center)",BUS_OBU_SYNCHRONIZED_GPS,2026-09-14 09:20:48,UPSRTC-UP53-8821,Municipal Sanitation Crew & Swachh Bharat Compactor Dispatch,SANITATION_WORK_ORDER,CLUST-005,98
INC-SWB-375,SANITATION: OVERFLOWING ROADSIDE WASTE DUMPING,CRITICAL,0.91,108,108,26.754651,83.372934,Gorakhpur Railway Station -> Golghar Commercial Center,"26.754651, 83.372934 (Gorakhpur Railway Station -> Golghar Commercial Center)",BUS_OBU_SYNCHRONIZED_GPS,2026-09-14 09:20:49,UPSRTC-UP53-8821,Municipal Sanitation Crew & Swachh Bharat Compactor Dispatch,SANITATION_WORK_ORDER,CLUST-006,98
INC-SWB-376,SANITATION: OVERFLOWING ROADSIDE WASTE DUMPING,CRITICAL,0.91,126,126,26.753708,83.373669,Gorakhpur Railway Station -> Golghar Commercial Center,"26.753708, 83.373669 (Gorakhpur Railway Station -> Golghar Commercial Center)",BUS_OBU_SYNCHRONIZED_GPS,2026-09-14 09:20:50,UPSRTC-UP53-8821,Municipal Sanitation Crew & Swachh Bharat Compactor Dispatch,SANITATION_WORK_ORDER,CLUST-007,98
INC-SWB-377,SANITATION: COMMERCIAL LITTER ACCUMULATION,CRITICAL,0.91,144,144,26.752915,83.374287,Gorakhpur Railway Station -> Golghar Commercial Center,"26.752915, 83.374287 (Gorakhpur Railway Station -> Golghar Commercial Center)",BUS_OBU_SYNCHRONIZED_GPS,2026-09-14 09:20:51,UPSRTC-UP53-8821,Municipal Sanitation Crew & Swachh Bharat Compactor Dispatch,SANITATION_WORK_ORDER,CLUST-008,98
INC-SWB-378,SANITATION: OVERFLOWING ROADSIDE WASTE DUMPING,CRITICAL,0.91,162,162,26.752342,83.374733,Gorakhpur Railway Station -> Golghar Commercial Center,"26.752342, 83.374733 (Gorakhpur Railway Station -> Golghar Commercial Center)",BUS_OBU_SYNCHRONIZED_GPS,2026-09-14 09:20:52,UPSRTC-UP53-8821,Municipal Sanitation Crew & Swachh Bharat Compactor Dispatch,SANITATION_WORK_ORDER,CLUST-009,98
INC-SWB-379,SANITATION: OVERFLOWING ROADSIDE WASTE DUMPING,CRITICAL,0.91,180,180,26.75204,83.374969,Gorakhpur Railway Station -> Golghar Commercial Center,"26.752040, 83.374969 (Gorakhpur Railway Station -> Golghar Commercial Center)",BUS_OBU_SYNCHRONIZED_GPS,2026-09-14 09:20:53,UPSRTC-UP53-8821,Municipal Sanitation Crew & Swachh Bharat Compactor Dispatch,SANITATION_WORK_ORDER,CLUST-009,98
INC-SWB-380,SANITATION: OVERFLOWING ROADSIDE WASTE DUMPING,CRITICAL,0.91,198,198,26.751963,83.375058,Golghar Commercial Center -> Civil Lines / Commissioner Office,"26.751963, 83.375058 (Golghar Commercial Center -> Civil Lines / Commissioner Office)",BUS_OBU_SYNCHRONIZED_GPS,2026-09-14 09:20:54,UPSRTC-UP53-8821,Municipal Sanitation Crew & Swachh Bharat Compactor Dispatch,SANITATION_WORK_ORDER,CLUST-009,98
INC-SWB-381,SANITATION: COMMERCIAL LITTER ACCUMULATION,CRITICAL,0.91,216,216,26.751661,83.375533,Golghar Commercial Center -> Civil Lines / Commissioner Office,"26.751661, 83.375533 (Golghar Commercial Center -> Civil Lines / Commissioner Office)",BUS_OBU_SYNCHRONIZED_GPS,2026-09-14 09:20:55,UPSRTC-UP53-8821,Municipal Sanitation Crew & Swachh Bharat Compactor Dispatch,SANITATION_WORK_ORDER,CLUST-010,98
INC-SWB-382,SANITATION: COMMERCIAL LITTER ACCUMULATION,CRITICAL,0.91,234,234,26.751078,83.376449,Golghar Commercial Center -> Civil Lines / Commissioner Office,"26.751078, 83.376449 (Golghar Commercial Center -> Civil Lines / Commissioner Office)",BUS_OBU_SYNCHRONIZED_GPS,2026-09-14 09:20:56,UPSRTC-UP53-8821,Municipal Sanitation Crew & Swachh Bharat Compactor Dispatch,SANITATION_WORK_ORDER,CLUST-011,98
INC-SWB-383,SANITATION: OVERFLOWING ROADSIDE WASTE DUMPING,CRITICAL,0.91,252,252,26.750267,83.377724,Golghar Commercial Center -> Civil Lines / Commissioner Office,"26.750267, 83.377724 (Golghar Commercial Center -> Civil Lines / Commissioner Office)",BUS_OBU_SYNCHRONIZED_GPS,2026-09-14 09:20:57,UPSRTC-UP53-8821,Municipal Sanitation Crew & Swachh Bharat Compactor Dispatch,SANITATION_WORK_ORDER,CLUST-011,98
INC-SWB-384,SANITATION: OVERFLOWING ROADSIDE WASTE DUMPING,CRITICAL,0.91,270,270,26.749299,83.379244,Golghar Commercial Center -> Civil Lines / Commissioner Office,"26.749299, 83.379244 (Golghar Commercial Center -> Civil Lines / Commissioner Office)",BUS_OBU_SYNCHRONIZED_GPS,2026-09-14 09:20:58,UPSRTC-UP53-8821,Municipal Sanitation Crew & Swachh Bharat Compactor Dispatch,SANITATION_WORK_ORDER,CLUST-013,98
INC-SWB-385,SANITATION: OVERFLOWING ROADSIDE WASTE DUMPING,CRITICAL,0.91,288,288,26.748261,83.380876,Golghar Commercial Center -> Civil Lines / Commissioner Office,"26.748261, 83.380876 (Golghar Commercial Center -> Civil Lines / Commissioner Office)",BUS_OBU_SYNCHRONIZED_GPS,2026-09-14 09:20:59,UPSRTC-UP53-8821,Municipal Sanitation Crew & Swachh Bharat Compactor Dispatch,SANITATION_WORK_ORDER,CLUST-015,98
INC-SWB-386,SANITATION: OVERFLOWING ROADSIDE WASTE DUMPING,CRITICAL,0.91,306,306,26.747243,83.382475,Golghar Commercial Center -> Civil Lines / Commissioner Office,"26.747243, 83.382475 (Golghar Commercial Center -> Civil Lines / Commissioner Office)",BUS_OBU_SYNCHRONIZED_GPS,2026-09-14 09:21:00,UPSRTC-UP53-8821,Municipal Sanitation Crew & Swachh Bharat Compactor Dispatch,SANITATION_WORK_ORDER,CLUST-017,98
INC-SWB-387,SANITATION: OVERFLOWING ROADSIDE WASTE DUMPING,CRITICAL,0.91,324,324,26.746337,83.383899,Golghar Commercial Center -> Civil Lines / Commissioner Office,"26.746337, 83.383899 (Golghar Commercial Center -> Civil Lines / Commissioner Office)",BUS_OBU_SYNCHRONIZED_GPS,2026-09-14 09:21:00,UPSRTC-UP53-8821,Municipal Sanitation Crew & Swachh Bharat Compactor Dispatch,SANITATION_WORK_ORDER,CLUST-019,98
INC-SWB-388,SANITATION: OVERFLOWING ROADSIDE WASTE DUMPING,CRITICAL,0.91,342,342,26.745623,83.385021,Golghar Commercial Center -> Civil Lines / Commissioner Office,"26.745623, 83.385021 (Golghar Commercial Center -> Civil Lines / Commissioner Office)",BUS_OBU_SYNCHRONIZED_GPS,2026-09-14 09:21:02,UPSRTC-UP53-8821,Municipal Sanitation Crew & Swachh Bharat Compactor Dispatch,SANITATION_WORK_ORDER,CLUST-020,98
INC-SWB-389,SANITATION: COMMERCIAL LITTER ACCUMULATION,CRITICAL,0.91,396,396,26.744866,83.386251,Civil Lines / Commissioner Office -> Mohaddipur Chauraha,"26.744866, 83.386251 (Civil Lines / Commissioner Office -> Mohaddipur Chauraha)",BUS_OBU_SYNCHRONIZED_GPS,2026-09-14 09:21:04,UPSRTC-UP53-8821,Municipal Sanitation Crew & Swachh Bharat Compactor Dispatch,SANITATION_WORK_ORDER,CLUST-021,98
INC-SWB-390,SANITATION: OVERFLOWING ROADSIDE WASTE DUMPING,CRITICAL,0.91,414,414,26.74446,83.387012,Civil Lines / Commissioner Office -> Mohaddipur Chauraha,"26.744460, 83.387012 (Civil Lines / Commissioner Office -> Mohaddipur Chauraha)",BUS_OBU_SYNCHRONIZED_GPS,2026-09-14 09:21:05,UPSRTC-UP53-8821,Municipal Sanitation Crew & Swachh Bharat Compactor Dispatch,SANITATION_WORK_ORDER,CLUST-022,98
INC-SWB-391,SANITATION: OVERFLOWING ROADSIDE WASTE DUMPING,CRITICAL,0.91,432,432,26.743819,83.388215,Civil Lines / Commissioner Office -> Mohaddipur Chauraha,"26.743819, 83.388215 (Civil Lines / Commissioner Office -> Mohaddipur Chauraha)",BUS_OBU_SYNCHRONIZED_GPS,2026-09-14 09:21:06,UPSRTC-UP53-8821,Municipal Sanitation Crew & Swachh Bharat Compactor Dispatch,SANITATION_WORK_ORDER,CLUST-023,98
INC-SWB-392,SANITATION: OVERFLOWING ROADSIDE WASTE DUMPING,CRITICAL,0.91,450,450,26.742998,83.389753,Civil Lines / Commissioner Office -> Mohaddipur Chauraha,"26.742998, 83.389753 (Civil Lines / Commissioner Office -> Mohaddipur Chauraha)",BUS_OBU_SYNCHRONIZED_GPS,2026-09-14 09:21:07,UPSRTC-UP53-8821,Municipal Sanitation Crew & Swachh Bharat Compactor Dispatch,SANITATION_WORK_ORDER,CLUST-025,98
INC-SWB-393,SANITATION: OVERFLOWING ROADSIDE WASTE DUMPING,CRITICAL,0.91,468,468,26.742072,83.39149,Civil Lines / Commissioner Office -> Mohaddipur Chauraha,"26.742072, 83.391490 (Civil Lines / Commissioner Office -> Mohaddipur Chauraha)",BUS_OBU_SYNCHRONIZED_GPS,2026-09-14 09:21:08,UPSRTC-UP53-8821,Municipal Sanitation Crew & Swachh Bharat Compactor Dispatch,SANITATION_WORK_ORDER,CLUST-027,98
INC-SWB-394,SANITATION: COMMERCIAL LITTER ACCUMULATION,CRITICAL,0.91,486,486,26.741121,83.393273,Civil Lines / Commissioner Office -> Mohaddipur Chauraha,"26.741121, 83.393273 (Civil Lines / Commissioner Office -> Mohaddipur Chauraha)",BUS_OBU_SYNCHRONIZED_GPS,2026-09-14 09:21:09,UPSRTC-UP53-8821,Municipal Sanitation Crew & Swachh Bharat Compactor Dispatch,SANITATION_WORK_ORDER,CLUST-029,98
INC-SWB-395,SANITATION: OVERFLOWING ROADSIDE WASTE DUMPING,CRITICAL,0.91,504,504,26.740231,83.394942,Civil Lines / Commissioner Office -> Mohaddipur Chauraha,"26.740231, 83.394942 (Civil Lines / Commissioner Office -> Mohaddipur Chauraha)",BUS_OBU_SYNCHRONIZED_GPS,2026-09-14 09:21:10,UPSRTC-UP53-8821,Municipal Sanitation Crew & Swachh Bharat Compactor Dispatch,SANITATION_WORK_ORDER,CLUST-050,98
INC-SWB-396,SANITATION: COMMERCIAL LITTER ACCUMULATION,CRITICAL,0.91,522,522,26.739479,83.396351,Civil Lines / Commissioner Office -> Mohaddipur Chauraha,"26.739479, 83.396351 (Civil Lines / Commissioner Office -> Mohaddipur Chauraha)",BUS_OBU_SYNCHRONIZED_GPS,2026-09-14 09:21:11,UPSRTC-UP53-8821,Municipal Sanitation Crew & Swachh Bharat Compactor Dispatch,SANITATION_WORK_ORDER,CLUST-031,98
INC-SWB-397,SANITATION: COMMERCIAL LITTER ACCUMULATION,CRITICAL,0.91,540,540,26.738934,83.397375,Civil Lines / Commissioner Office -> Mohaddipur Chauraha,"26.738934, 83.397375 (Civil Lines / Commissioner Office -> Mohaddipur Chauraha)",BUS_OBU_SYNCHRONIZED_GPS,2026-09-14 09:21:12,UPSRTC-UP53-8821,Municipal Sanitation Crew & Swachh Bharat Compactor Dispatch,SANITATION_WORK_ORDER,CLUST-032,98
INC-SWB-398,SANITATION: COMMERCIAL LITTER ACCUMULATION,CRITICAL,0.91,576,576,26.73852,83.398094,Mohaddipur Chauraha -> AIIMS Gorakhpur Transit Stop,"26.738520, 83.398094 (Mohaddipur Chauraha -> AIIMS Gorakhpur Transit Stop)",BUS_OBU_SYNCHRONIZED_GPS,2026-09-14 09:21:14,UPSRTC-UP53-8821,Municipal Sanitation Crew & Swachh Bharat Compactor Dispatch,SANITATION_WORK_ORDER,CLUST-033,98
INC-SWB-399,SANITATION: COMMERCIAL LITTER ACCUMULATION,CRITICAL,0.91,594,594,26.737801,83.398934,Mohaddipur Chauraha -> AIIMS Gorakhpur Transit Stop,"26.737801, 83.398934 (Mohaddipur Chauraha -> AIIMS Gorakhpur Transit Stop)",BUS_OBU_SYNCHRONIZED_GPS,2026-09-14 09:21:14,UPSRTC-UP53-8821,Municipal Sanitation Crew & Swachh Bharat Compactor Dispatch,SANITATION_WORK_ORDER,CLUST-033,98
INC-SWB-400,SANITATION: COMMERCIAL LITTER ACCUMULATION,CRITICAL,0.91,612,612,26.736395,83.400579,Mohaddipur Chauraha -> AIIMS Gorakhpur Transit Stop,"26.736395, 83.400579 (Mohaddipur Chauraha -> AIIMS Gorakhpur Transit Stop)",BUS_OBU_SYNCHRONIZED_GPS,2026-09-14 09:21:15,UPSRTC-UP53-8821,Municipal Sanitation Crew & Swachh Bharat Compactor Dispatch,SANITATION_WORK_ORDER,CLUST-035,98
INC-SWB-401,SANITATION: OVERFLOWING ROADSIDE WASTE DUMPING,CRITICAL,0.91,648,648,26.732071,83.405636,Mohaddipur Chauraha -> AIIMS Gorakhpur Transit Stop,"26.732071, 83.405636 (Mohaddipur Chauraha -> AIIMS Gorakhpur Transit Stop)",BUS_OBU_SYNCHRONIZED_GPS,2026-09-14 09:21:17,UPSRTC-UP53-8821,Municipal Sanitation Crew & Swachh Bharat Compactor Dispatch,SANITATION_WORK_ORDER,CLUST-039,98
INC-SWB-402,SANITATION: OVERFLOWING ROADSIDE WASTE DUMPING,CRITICAL,0.91,666,666,26.729536,83.408601,Mohaddipur Chauraha -> AIIMS Gorakhpur Transit Stop,"26.729536, 83.408601 (Mohaddipur Chauraha -> AIIMS Gorakhpur Transit Stop)",BUS_OBU_SYNCHRONIZED_GPS,2026-09-14 09:21:18,UPSRTC-UP53-8821,Municipal Sanitation Crew & Swachh Bharat Compactor Dispatch,SANITATION_WORK_ORDER,CLUST-041,98
INC-SWB-403,SANITATION: COMMERCIAL LITTER ACCUMULATION,CRITICAL,0.91,684,684,26.727046,83.411513,Mohaddipur Chauraha -> AIIMS Gorakhpur Transit Stop,"26.727046, 83.411513 (Mohaddipur Chauraha -> AIIMS Gorakhpur Transit Stop)",BUS_OBU_SYNCHRONIZED_GPS,2026-09-14 09:21:19,UPSRTC-UP53-8821,Municipal Sanitation Crew & Swachh Bharat Compactor Dispatch,SANITATION_WORK_ORDER,CLUST-043,98
INC-SWB-404,SANITATION: OVERFLOWING ROADSIDE WASTE DUMPING,CRITICAL,0.91,702,702,26.724823,83.414114,Mohaddipur Chauraha -> AIIMS Gorakhpur Transit Stop,"26.724823, 83.414114 (Mohaddipur Chauraha -> AIIMS Gorakhpur Transit Stop)",BUS_OBU_SYNCHRONIZED_GPS,2026-09-14 09:21:20,UPSRTC-UP53-8821,Municipal Sanitation Crew & Swachh Bharat Compactor Dispatch,SANITATION_WORK_ORDER,CLUST-045,98
INC-SWB-405,SANITATION: OVERFLOWING ROADSIDE WASTE DUMPING,CRITICAL,0.91,720,720,26.723063,83.416172,Mohaddipur Chauraha -> AIIMS Gorakhpur Transit Stop,"26.723063, 83.416172 (Mohaddipur Chauraha -> AIIMS Gorakhpur Transit Stop)",BUS_OBU_SYNCHRONIZED_GPS,2026-09-14 09:21:20,UPSRTC-UP53-8821,Municipal Sanitation Crew & Swachh Bharat Compactor Dispatch,SANITATION_WORK_ORDER,CLUST-047,98
INC-SWB-406,SANITATION: OVERFLOWING ROADSIDE WASTE DUMPING,CRITICAL,0.91,738,738,26.721922,83.417507,Mohaddipur Chauraha -> AIIMS Gorakhpur Transit Stop,"26.721922, 83.417507 (Mohaddipur Chauraha -> AIIMS Gorakhpur Transit Stop)",BUS_OBU_SYNCHRONIZED_GPS,2026-09-14 09:21:21,UPSRTC-UP53-8821,Municipal Sanitation Crew & Swachh Bharat Compactor Dispatch,SANITATION_WORK_ORDER,CLUST-049,98
INC-SWB-407,SANITATION: OVERFLOWING ROADSIDE WASTE DUMPING,CRITICAL,0.91,756,756,26.721501,83.417999,Mohaddipur Chauraha -> AIIMS Gorakhpur Transit Stop,"26.721501, 83.417999 (Mohaddipur Chauraha -> AIIMS Gorakhpur Transit Stop)",BUS_OBU_SYNCHRONIZED_GPS,2026-09-14 09:21:22,UPSRTC-UP53-8821,Municipal Sanitation Crew & Swachh Bharat Compactor Dispatch,SANITATION_WORK_ORDER,CLUST-049,98
INC-SIG-408,SIGNAL FAULT: SIGNAL TIMING DESYNCHRONIZATION (SIG-01),CRITICAL,0.94,18,18,26.758649,83.369817,Gorakhpur Railway Station -> Golghar Commercial Center,"26.758649, 83.369817 (Gorakhpur Railway Station -> Golghar Commercial Center)",BUS_OBU_SYNCHRONIZED_GPS,2026-09-14 09:20:43,UPSRTC-UP53-8821,Recalibrate Signal Controller Phase Timing,ELECTRICAL_DISPATCH,CLUST-001,98
INC-SIG-409,SIGNAL FAULT: POWER BLACKOUT / UNLIT SIGNAL (SIG-02),CRITICAL,0.94,36,36,26.758211,83.370159,Gorakhpur Railway Station -> Golghar Commercial Center,"26.758211, 83.370159 (Gorakhpur Railway Station -> Golghar Commercial Center)",BUS_OBU_SYNCHRONIZED_GPS,2026-09-14 09:20:44,UPSRTC-UP53-8821,Deploy Emergency Traffic Police & Electrical Repair Unit,ELECTRICAL_DISPATCH,CLUST-002,98
INC-SIG-410,SIGNAL FAULT: SIGNAL TIMING DESYNCHRONIZATION (SIG-02),CRITICAL,0.94,54,54,26.757523,83.370695,Gorakhpur Railway Station -> Golghar Commercial Center,"26.757523, 83.370695 (Gorakhpur Railway Station -> Golghar Commercial Center)",BUS_OBU_SYNCHRONIZED_GPS,2026-09-14 09:20:45,UPSRTC-UP53-8821,Recalibrate Signal Controller Phase Timing,ELECTRICAL_DISPATCH,CLUST-003,98
INC-SIG-411,SIGNAL FAULT: POWER BLACKOUT / UNLIT SIGNAL (SIG-03),CRITICAL,0.94,72,72,26.756647,83.371378,Gorakhpur Railway Station -> Golghar Commercial Center,"26.756647, 83.371378 (Gorakhpur Railway Station -> Golghar Commercial Center)",BUS_OBU_SYNCHRONIZED_GPS,2026-09-14 09:20:46,UPSRTC-UP53-8821,Deploy Emergency Traffic Police & Electrical Repair Unit,ELECTRICAL_DISPATCH,CLUST-004,98
INC-SIG-412,SIGNAL FAULT: SIGNAL TIMING DESYNCHRONIZATION (SIG-03),CRITICAL,0.94,90,90,26.755661,83.372147,Gorakhpur Railway Station -> Golghar Commercial Center,"26.755661, 83.372147 (Gorakhpur Railway Station -> Golghar Commercial Center)",BUS_OBU_SYNCHRONIZED_GPS,2026-09-14 09:20:48,UPSRTC-UP53-8821,Recalibrate Signal Controller Phase Timing,ELECTRICAL_DISPATCH,CLUST-005,98
INC-SIG-413,SIGNAL FAULT: POWER BLACKOUT / UNLIT SIGNAL (SIG-04),CRITICAL,0.94,108,108,26.754651,83.372934,Gorakhpur Railway Station -> Golghar Commercial Center,"26.754651, 83.372934 (Gorakhpur Railway Station -> Golghar Commercial Center)",BUS_OBU_SYNCHRONIZED_GPS,2026-09-14 09:20:49,UPSRTC-UP53-8821,Deploy Emergency Traffic Police & Electrical Repair Unit,ELECTRICAL_DISPATCH,CLUST-006,98
INC-SIG-414,SIGNAL FAULT: SIGNAL TIMING DESYNCHRONIZATION (SIG-04),CRITICAL,0.94,126,126,26.753708,83.373669,Gorakhpur Railway Station -> Golghar Commercial Center,"26.753708, 83.373669 (Gorakhpur Railway Station -> Golghar Commercial Center)",BUS_OBU_SYNCHRONIZED_GPS,2026-09-14 09:20:50,UPSRTC-UP53-8821,Recalibrate Signal Controller Phase Timing,ELECTRICAL_DISPATCH,CLUST-007,98
INC-SIG-415,SIGNAL FAULT: POWER BLACKOUT / UNLIT SIGNAL (SIG-05),CRITICAL,0.94,144,144,26.752915,83.374287,Gorakhpur Railway Station -> Golghar Commercial Center,"26.752915, 83.374287 (Gorakhpur Railway Station -> Golghar Commercial Center)",BUS_OBU_SYNCHRONIZED_GPS,2026-09-14 09:20:51,UPSRTC-UP53-8821,Deploy Emergency Traffic Police & Electrical Repair Unit,ELECTRICAL_DISPATCH,CLUST-008,98
INC-SIG-416,SIGNAL FAULT: SIGNAL TIMING DESYNCHRONIZATION (SIG-05),CRITICAL,0.94,162,162,26.752342,83.374733,Gorakhpur Railway Station -> Golghar Commercial Center,"26.752342, 83.374733 (Gorakhpur Railway Station -> Golghar Commercial Center)",BUS_OBU_SYNCHRONIZED_GPS,2026-09-14 09:20:52,UPSRTC-UP53-8821,Recalibrate Signal Controller Phase Timing,ELECTRICAL_DISPATCH,CLUST-009,98
INC-SIG-417,SIGNAL FAULT: POWER BLACKOUT / UNLIT SIGNAL (SIG-06),CRITICAL,0.94,180,180,26.75204,83.374969,Gorakhpur Railway Station -> Golghar Commercial Center,"26.752040, 83.374969 (Gorakhpur Railway Station -> Golghar Commercial Center)",BUS_OBU_SYNCHRONIZED_GPS,2026-09-14 09:20:53,UPSRTC-UP53-8821,Deploy Emergency Traffic Police & Electrical Repair Unit,ELECTRICAL_DISPATCH,CLUST-009,98
INC-SIG-418,SIGNAL FAULT: SIGNAL TIMING DESYNCHRONIZATION (SIG-06),CRITICAL,0.94,198,198,26.751963,83.375058,Golghar Commercial Center -> Civil Lines / Commissioner Office,"26.751963, 83.375058 (Golghar Commercial Center -> Civil Lines / Commissioner Office)",BUS_OBU_SYNCHRONIZED_GPS,2026-09-14 09:20:54,UPSRTC-UP53-8821,Recalibrate Signal Controller Phase Timing,ELECTRICAL_DISPATCH,CLUST-009,98
INC-SIG-419,SIGNAL FAULT: POWER BLACKOUT / UNLIT SIGNAL (SIG-07),CRITICAL,0.94,216,216,26.751661,83.375533,Golghar Commercial Center -> Civil Lines / Commissioner Office,"26.751661, 83.375533 (Golghar Commercial Center -> Civil Lines / Commissioner Office)",BUS_OBU_SYNCHRONIZED_GPS,2026-09-14 09:20:55,UPSRTC-UP53-8821,Deploy Emergency Traffic Police & Electrical Repair Unit,ELECTRICAL_DISPATCH,CLUST-010,98
INC-SIG-420,SIGNAL FAULT: SIGNAL TIMING DESYNCHRONIZATION (SIG-07),CRITICAL,0.94,234,234,26.751078,83.376449,Golghar Commercial Center -> Civil Lines / Commissioner Office,"26.751078, 83.376449 (Golghar Commercial Center -> Civil Lines / Commissioner Office)",BUS_OBU_SYNCHRONIZED_GPS,2026-09-14 09:20:56,UPSRTC-UP53-8821,Recalibrate Signal Controller Phase Timing,ELECTRICAL_DISPATCH,CLUST-011,98
INC-SIG-421,SIGNAL FAULT: POWER BLACKOUT / UNLIT SIGNAL (SIG-08),CRITICAL,0.94,252,252,26.750267,83.377724,Golghar Commercial Center -> Civil Lines / Commissioner Office,"26.750267, 83.377724 (Golghar Commercial Center -> Civil Lines / Commissioner Office)",BUS_OBU_SYNCHRONIZED_GPS,2026-09-14 09:20:57,UPSRTC-UP53-8821,Deploy Emergency Traffic Police & Electrical Repair Unit,ELECTRICAL_DISPATCH,CLUST-011,98
INC-SIG-422,SIGNAL FAULT: SIGNAL TIMING DESYNCHRONIZATION (SIG-08),CRITICAL,0.94,270,270,26.749299,83.379244,Golghar Commercial Center -> Civil Lines / Commissioner Office,"26.749299, 83.379244 (Golghar Commercial Center -> Civil Lines / Commissioner Office)",BUS_OBU_SYNCHRONIZED_GPS,2026-09-14 09:20:58,UPSRTC-UP53-8821,Recalibrate Signal Controller Phase Timing,ELECTRICAL_DISPATCH,CLUST-013,98
INC-SIG-423,SIGNAL FAULT: POWER BLACKOUT / UNLIT SIGNAL (SIG-09),CRITICAL,0.94,288,288,26.748261,83.380876,Golghar Commercial Center -> Civil Lines / Commissioner Office,"26.748261, 83.380876 (Golghar Commercial Center -> Civil Lines / Commissioner Office)",BUS_OBU_SYNCHRONIZED_GPS,2026-09-14 09:20:59,UPSRTC-UP53-8821,Deploy Emergency Traffic Police & Electrical Repair Unit,ELECTRICAL_DISPATCH,CLUST-015,98
INC-SIG-424,SIGNAL FAULT: SIGNAL TIMING DESYNCHRONIZATION (SIG-09),CRITICAL,0.94,306,306,26.747243,83.382475,Golghar Commercial Center -> Civil Lines / Commissioner Office,"26.747243, 83.382475 (Golghar Commercial Center -> Civil Lines / Commissioner Office)",BUS_OBU_SYNCHRONIZED_GPS,2026-09-14 09:21:00,UPSRTC-UP53-8821,Recalibrate Signal Controller Phase Timing,ELECTRICAL_DISPATCH,CLUST-017,98
INC-SIG-425,SIGNAL FAULT: POWER BLACKOUT / UNLIT SIGNAL (SIG-10),CRITICAL,0.94,324,324,26.746337,83.383899,Golghar Commercial Center -> Civil Lines / Commissioner Office,"26.746337, 83.383899 (Golghar Commercial Center -> Civil Lines / Commissioner Office)",BUS_OBU_SYNCHRONIZED_GPS,2026-09-14 09:21:00,UPSRTC-UP53-8821,Deploy Emergency Traffic Police & Electrical Repair Unit,ELECTRICAL_DISPATCH,CLUST-019,98
INC-SIG-426,SIGNAL FAULT: SIGNAL TIMING DESYNCHRONIZATION (SIG-10),CRITICAL,0.94,342,342,26.745623,83.385021,Golghar Commercial Center -> Civil Lines / Commissioner Office,"26.745623, 83.385021 (Golghar Commercial Center -> Civil Lines / Commissioner Office)",BUS_OBU_SYNCHRONIZED_GPS,2026-09-14 09:21:02,UPSRTC-UP53-8821,Recalibrate Signal Controller Phase Timing,ELECTRICAL_DISPATCH,CLUST-020,98
INC-SIG-427,SIGNAL FAULT: POWER BLACKOUT / UNLIT SIGNAL (SIG-11),CRITICAL,0.94,360,360,26.745164,83.385743,Golghar Commercial Center -> Civil Lines / Commissioner Office,"26.745164, 83.385743 (Golghar Commercial Center -> Civil Lines / Commissioner Office)",BUS_OBU_SYNCHRONIZED_GPS,2026-09-14 09:21:02,UPSRTC-UP53-8821,Deploy Emergency Traffic Police & Electrical Repair Unit,ELECTRICAL_DISPATCH,CLUST-021,98
INC-SIG-428,SIGNAL FAULT: SIGNAL TIMING DESYNCHRONIZATION (SIG-11),CRITICAL,0.94,378,378,26.745,83.386,Golghar Commercial Center -> Civil Lines / Commissioner Office,"26.745000, 83.386000 (Golghar Commercial Center -> Civil Lines / Commissioner Office)",BUS_OBU_SYNCHRONIZED_GPS,2026-09-14 09:21:03,UPSRTC-UP53-8821,Recalibrate Signal Controller Phase Timing,ELECTRICAL_DISPATCH,CLUST-021,98
INC-SIG-429,SIGNAL FAULT: POWER BLACKOUT / UNLIT SIGNAL (SIG-12),CRITICAL,0.94,396,396,26.744866,83.386251,Civil Lines / Commissioner Office -> Mohaddipur Chauraha,"26.744866, 83.386251 (Civil Lines / Commissioner Office -> Mohaddipur Chauraha)",BUS_OBU_SYNCHRONIZED_GPS,2026-09-14 09:21:04,UPSRTC-UP53-8821,Deploy Emergency Traffic Police & Electrical Repair Unit,ELECTRICAL_DISPATCH,CLUST-021,98
INC-SIG-430,SIGNAL FAULT: SIGNAL TIMING DESYNCHRONIZATION (SIG-12),CRITICAL,0.94,414,414,26.74446,83.387012,Civil Lines / Commissioner Office -> Mohaddipur Chauraha,"26.744460, 83.387012 (Civil Lines / Commissioner Office -> Mohaddipur Chauraha)",BUS_OBU_SYNCHRONIZED_GPS,2026-09-14 09:21:05,UPSRTC-UP53-8821,Recalibrate Signal Controller Phase Timing,ELECTRICAL_DISPATCH,CLUST-022,98
INC-SIG-431,SIGNAL FAULT: POWER BLACKOUT / UNLIT SIGNAL (SIG-13),CRITICAL,0.94,432,432,26.743819,83.388215,Civil Lines / Commissioner Office -> Mohaddipur Chauraha,"26.743819, 83.388215 (Civil Lines / Commissioner Office -> Mohaddipur Chauraha)",BUS_OBU_SYNCHRONIZED_GPS,2026-09-14 09:21:06,UPSRTC-UP53-8821,Deploy Emergency Traffic Police & Electrical Repair Unit,ELECTRICAL_DISPATCH,CLUST-023,98
INC-SIG-432,SIGNAL FAULT: SIGNAL TIMING DESYNCHRONIZATION (SIG-13),CRITICAL,0.94,450,450,26.742998,83.389753,Civil Lines / Commissioner Office -> Mohaddipur Chauraha,"26.742998, 83.389753 (Civil Lines / Commissioner Office -> Mohaddipur Chauraha)",BUS_OBU_SYNCHRONIZED_GPS,2026-09-14 09:21:07,UPSRTC-UP53-8821,Recalibrate Signal Controller Phase Timing,ELECTRICAL_DISPATCH,CLUST-025,98
INC-SIG-433,SIGNAL FAULT: POWER BLACKOUT / UNLIT SIGNAL (SIG-14),CRITICAL,0.94,468,468,26.742072,83.39149,Civil Lines / Commissioner Office -> Mohaddipur Chauraha,"26.742072, 83.391490 (Civil Lines / Commissioner Office -> Mohaddipur Chauraha)",BUS_OBU_SYNCHRONIZED_GPS,2026-09-14 09:21:08,UPSRTC-UP53-8821,Deploy Emergency Traffic Police & Electrical Repair Unit,ELECTRICAL_DISPATCH,CLUST-027,98
INC-SIG-434,SIGNAL FAULT: SIGNAL TIMING DESYNCHRONIZATION (SIG-14),CRITICAL,0.94,486,486,26.741121,83.393273,Civil Lines / Commissioner Office -> Mohaddipur Chauraha,"26.741121, 83.393273 (Civil Lines / Commissioner Office -> Mohaddipur Chauraha)",BUS_OBU_SYNCHRONIZED_GPS,2026-09-14 09:21:09,UPSRTC-UP53-8821,Recalibrate Signal Controller Phase Timing,ELECTRICAL_DISPATCH,CLUST-029,98
INC-SIG-435,SIGNAL FAULT: POWER BLACKOUT / UNLIT SIGNAL (SIG-15),CRITICAL,0.94,504,504,26.740231,83.394942,Civil Lines / Commissioner Office -> Mohaddipur Chauraha,"26.740231, 83.394942 (Civil Lines / Commissioner Office -> Mohaddipur Chauraha)",BUS_OBU_SYNCHRONIZED_GPS,2026-09-14 09:21:10,UPSRTC-UP53-8821,Deploy Emergency Traffic Police & Electrical Repair Unit,ELECTRICAL_DISPATCH,CLUST-050,98
INC-SIG-436,SIGNAL FAULT: SIGNAL TIMING DESYNCHRONIZATION (SIG-15),CRITICAL,0.94,522,522,26.739479,83.396351,Civil Lines / Commissioner Office -> Mohaddipur Chauraha,"26.739479, 83.396351 (Civil Lines / Commissioner Office -> Mohaddipur Chauraha)",BUS_OBU_SYNCHRONIZED_GPS,2026-09-14 09:21:11,UPSRTC-UP53-8821,Recalibrate Signal Controller Phase Timing,ELECTRICAL_DISPATCH,CLUST-031,98
INC-SIG-437,SIGNAL FAULT: POWER BLACKOUT / UNLIT SIGNAL (SIG-16),CRITICAL,0.94,540,540,26.738934,83.397375,Civil Lines / Commissioner Office -> Mohaddipur Chauraha,"26.738934, 83.397375 (Civil Lines / Commissioner Office -> Mohaddipur Chauraha)",BUS_OBU_SYNCHRONIZED_GPS,2026-09-14 09:21:12,UPSRTC-UP53-8821,Deploy Emergency Traffic Police & Electrical Repair Unit,ELECTRICAL_DISPATCH,CLUST-032,98
INC-SIG-438,SIGNAL FAULT: SIGNAL TIMING DESYNCHRONIZATION (SIG-16),CRITICAL,0.94,558,558,26.738642,83.397922,Civil Lines / Commissioner Office -> Mohaddipur Chauraha,"26.738642, 83.397922 (Civil Lines / Commissioner Office -> Mohaddipur Chauraha)",BUS_OBU_SYNCHRONIZED_GPS,2026-09-14 09:21:13,UPSRTC-UP53-8821,Recalibrate Signal Controller Phase Timing,ELECTRICAL_DISPATCH,CLUST-033,98
INC-SIG-439,SIGNAL FAULT: POWER BLACKOUT / UNLIT SIGNAL (SIG-17),CRITICAL,0.94,576,576,26.73852,83.398094,Mohaddipur Chauraha -> AIIMS Gorakhpur Transit Stop,"26.738520, 83.398094 (Mohaddipur Chauraha -> AIIMS Gorakhpur Transit Stop)",BUS_OBU_SYNCHRONIZED_GPS,2026-09-14 09:21:14,UPSRTC-UP53-8821,Deploy Emergency Traffic Police & Electrical Repair Unit,ELECTRICAL_DISPATCH,CLUST-033,98
INC-SIG-440,SIGNAL FAULT: SIGNAL TIMING DESYNCHRONIZATION (SIG-17),CRITICAL,0.94,594,594,26.737801,83.398934,Mohaddipur Chauraha -> AIIMS Gorakhpur Transit Stop,"26.737801, 83.398934 (Mohaddipur Chauraha -> AIIMS Gorakhpur Transit Stop)",BUS_OBU_SYNCHRONIZED_GPS,2026-09-14 09:21:14,UPSRTC-UP53-8821,Recalibrate Signal Controller Phase Timing,ELECTRICAL_DISPATCH,CLUST-033,98
INC-SIG-441,SIGNAL FAULT: POWER BLACKOUT / UNLIT SIGNAL (SIG-18),CRITICAL,0.94,612,612,26.736395,83.400579,Mohaddipur Chauraha -> AIIMS Gorakhpur Transit Stop,"26.736395, 83.400579 (Mohaddipur Chauraha -> AIIMS Gorakhpur Transit Stop)",BUS_OBU_SYNCHRONIZED_GPS,2026-09-14 09:21:15,UPSRTC-UP53-8821,Deploy Emergency Traffic Police & Electrical Repair Unit,ELECTRICAL_DISPATCH,CLUST-035,98
INC-SIG-442,SIGNAL FAULT: SIGNAL TIMING DESYNCHRONIZATION (SIG-19),CRITICAL,0.94,630,630,26.734427,83.402881,Mohaddipur Chauraha -> AIIMS Gorakhpur Transit Stop,"26.734427, 83.402881 (Mohaddipur Chauraha -> AIIMS Gorakhpur Transit Stop)",BUS_OBU_SYNCHRONIZED_GPS,2026-09-14 09:21:16,UPSRTC-UP53-8821,Recalibrate Signal Controller Phase Timing,ELECTRICAL_DISPATCH,CLUST-037,98
INC-SIG-443,SIGNAL FAULT: POWER BLACKOUT / UNLIT SIGNAL (SIG-19),CRITICAL,0.94,648,648,26.732071,83.405636,Mohaddipur Chauraha -> AIIMS Gorakhpur Transit Stop,"26.732071, 83.405636 (Mohaddipur Chauraha -> AIIMS Gorakhpur Transit Stop)",BUS_OBU_SYNCHRONIZED_GPS,2026-09-14 09:21:17,UPSRTC-UP53-8821,Deploy Emergency Traffic Police & Electrical Repair Unit,ELECTRICAL_DISPATCH,CLUST-039,98
INC-SIG-444,SIGNAL FAULT: SIGNAL TIMING DESYNCHRONIZATION (SIG-20),CRITICAL,0.94,666,666,26.729536,83.408601,Mohaddipur Chauraha -> AIIMS Gorakhpur Transit Stop,"26.729536, 83.408601 (Mohaddipur Chauraha -> AIIMS Gorakhpur Transit Stop)",BUS_OBU_SYNCHRONIZED_GPS,2026-09-14 09:21:18,UPSRTC-UP53-8821,Recalibrate Signal Controller Phase Timing,ELECTRICAL_DISPATCH,CLUST-041,98
INC-SIG-445,SIGNAL FAULT: POWER BLACKOUT / UNLIT SIGNAL (SIG-20),CRITICAL,0.94,684,684,26.727046,83.411513,Mohaddipur Chauraha -> AIIMS Gorakhpur Transit Stop,"26.727046, 83.411513 (Mohaddipur Chauraha -> AIIMS Gorakhpur Transit Stop)",BUS_OBU_SYNCHRONIZED_GPS,2026-09-14 09:21:19,UPSRTC-UP53-8821,Deploy Emergency Traffic Police & Electrical Repair Unit,ELECTRICAL_DISPATCH,CLUST-043,98
INC-SIG-446,SIGNAL FAULT: SIGNAL TIMING DESYNCHRONIZATION (SIG-21),CRITICAL,0.94,702,702,26.724823,83.414114,Mohaddipur Chauraha -> AIIMS Gorakhpur Transit Stop,"26.724823, 83.414114 (Mohaddipur Chauraha -> AIIMS Gorakhpur Transit Stop)",BUS_OBU_SYNCHRONIZED_GPS,2026-09-14 09:21:20,UPSRTC-UP53-8821,Recalibrate Signal Controller Phase Timing,ELECTRICAL_DISPATCH,CLUST-045,98
INC-SIG-447,SIGNAL FAULT: POWER BLACKOUT / UNLIT SIGNAL (SIG-21),CRITICAL,0.94,720,720,26.723063,83.416172,Mohaddipur Chauraha -> AIIMS Gorakhpur Transit Stop,"26.723063, 83.416172 (Mohaddipur Chauraha -> AIIMS Gorakhpur Transit Stop)",BUS_OBU_SYNCHRONIZED_GPS,2026-09-14 09:21:20,UPSRTC-UP53-8821,Deploy Emergency Traffic Police & Electrical Repair Unit,ELECTRICAL_DISPATCH,CLUST-047,98
INC-SIG-448,SIGNAL FAULT: SIGNAL TIMING DESYNCHRONIZATION (SIG-22),CRITICAL,0.94,738,738,26.721922,83.417507,Mohaddipur Chauraha -> AIIMS Gorakhpur Transit Stop,"26.721922, 83.417507 (Mohaddipur Chauraha -> AIIMS Gorakhpur Transit Stop)",BUS_OBU_SYNCHRONIZED_GPS,2026-09-14 09:21:21,UPSRTC-UP53-8821,Recalibrate Signal Controller Phase Timing,ELECTRICAL_DISPATCH,CLUST-049,98
INC-SIG-449,SIGNAL FAULT: POWER BLACKOUT / UNLIT SIGNAL (SIG-22),CRITICAL,0.94,756,756,26.721501,83.417999,Mohaddipur Chauraha -> AIIMS Gorakhpur Transit Stop,"26.721501, 83.417999 (Mohaddipur Chauraha -> AIIMS Gorakhpur Transit Stop)",BUS_OBU_SYNCHRONIZED_GPS,2026-09-14 09:21:22,UPSRTC-UP53-8821,Deploy Emergency Traffic Police & Electrical Repair Unit,ELECTRICAL_DISPATCH,CLUST-049,98
